Threshold,Method,Run,Model,Accuracy,Confusion_Matrix,Cohen_Kappa,Num_Edges,Num_Nodes,Modularity,Num_Communities,Avg_Community_Size,Avg_Clustering,Graph_Density,Avg_Degree
0.5,stratified,6,GraphSAGE,0.5853199498117942,"[[466, 110, 74, 46], [76, 194, 96, 62], [25, 34, 104, 51], [8, 18, 61, 169]]",0.42506370695347073,57985,7968,0.8197302904192321,612,13.019607843137255,0.17312826329022232,0.0018268442163280963,14.554467871485944
0.5,stratified,6,GCN,0.5200752823086575,"[[382, 182, 87, 45], [64, 211, 102, 51], [23, 49, 85, 57], [5, 32, 68, 151]]",0.34336107628881973,57985,7968,0.8197302904192321,612,13.019607843137255,0.17312826329022232,0.0018268442163280963,14.554467871485944
0.5,stratified,6,GAT,0.5495608531994981,"[[421, 143, 108, 24], [63, 186, 137, 42], [23, 34, 111, 46], [9, 14, 75, 158]]",0.3843474144562369,57985,7968,0.8197302904192321,612,13.019607843137255,0.17312826329022232,0.0018268442163280963,14.554467871485944
