Threshold,Method,Run,Model,Accuracy,Confusion_Matrix,Cohen_Kappa,Num_Edges,Num_Nodes,Modularity,Num_Communities,Avg_Community_Size,Avg_Clustering,Graph_Density,Avg_Degree
0.5,stratified,5,GraphSAGE,0.5649968294229549,"[[436, 137, 70, 43], [75, 204, 88, 57], [24, 43, 90, 56], [12, 24, 57, 161]]",0.39671271439182876,55168,7883,0.8197645375722171,599,13.160267111853088,0.16405682319451223,0.0017757804825283036,13.996701763288089
0.5,stratified,5,GCN,0.5313887127457197,"[[400, 145, 91, 50], [90, 193, 78, 63], [20, 41, 90, 62], [14, 23, 62, 155]]",0.3542844066789892,55168,7883,0.8197645375722171,599,13.160267111853088,0.16405682319451223,0.0017757804825283036,13.996701763288089
0.5,stratified,5,GAT,0.5573874445149017,"[[404, 167, 71, 44], [61, 223, 80, 60], [17, 41, 89, 66], [8, 24, 59, 163]]",0.3917186118479222,55168,7883,0.8197645375722171,599,13.160267111853088,0.16405682319451223,0.0017757804825283036,13.996701763288089
