Threshold,Method,Run,Model,Accuracy,Confusion_Matrix,Cohen_Kappa,Num_Edges,Num_Nodes,Modularity,Num_Communities,Avg_Community_Size,Avg_Clustering,Graph_Density,Avg_Degree
0.9,stratified,2,GraphSAGE,0.5416666666666666,"[[54, 17, 7, 4], [11, 29, 20, 12], [2, 10, 20, 15], [5, 6, 12, 40]]",0.38665949848316117,928,1317,0.9671951639783695,416,3.1658653846153846,0.0015662985065011414,0.0010708689039518294,1.4092634776006074
0.9,stratified,2,GCN,0.5227272727272727,"[[47, 16, 10, 9], [12, 28, 17, 15], [4, 8, 17, 18], [1, 8, 8, 46]]",0.36202531645569624,928,1317,0.9671951639783695,416,3.1658653846153846,0.0015662985065011414,0.0010708689039518294,1.4092634776006074
0.9,stratified,2,GAT,0.5681818181818182,"[[59, 11, 5, 7], [14, 27, 15, 16], [3, 8, 19, 17], [2, 8, 8, 45]]",0.4195340225273878,928,1317,0.9671951639783695,416,3.1658653846153846,0.0015662985065011414,0.0010708689039518294,1.4092634776006074
