Threshold,Method,Run,Model,Accuracy,Confusion_Matrix,Cohen_Kappa,Num_Edges,Num_Nodes,Modularity,Num_Communities,Avg_Community_Size,Avg_Clustering,Graph_Density,Avg_Degree
0.1,random,0,GraphSAGE,0.595954356846473,"[[599, 151, 101, 45], [107, 221, 117, 61], [24, 42, 132, 46], [9, 18, 58, 197]]",0.43076576723398874,206616,9640,0.8313593802641585,694,13.890489913544668,0.5263239279948398,0.0044471822846243155,42.86639004149377
0.1,random,0,GCN,0.5477178423236515,"[[518, 223, 92, 63], [91, 255, 109, 51], [23, 61, 100, 60], [8, 36, 55, 183]]",0.36921031225518297,206616,9640,0.8313593802641585,694,13.890489913544668,0.5263239279948398,0.0044471822846243155,42.86639004149377
0.1,random,0,GAT,0.5902489626556017,"[[601, 139, 125, 31], [118, 183, 168, 37], [17, 31, 148, 48], [11, 17, 48, 206]]",0.425353098925046,206616,9640,0.8313593802641585,694,13.890489913544668,0.5263239279948398,0.0044471822846243155,42.86639004149377
