Threshold,Method,Run,Model,Accuracy,Confusion_Matrix,Cohen_Kappa,Num_Edges,Num_Nodes,Modularity,Num_Communities,Avg_Community_Size,Avg_Clustering,Graph_Density,Avg_Degree
0.1,stratified,7,GraphSAGE,0.6029411764705882,"[[596, 152, 94, 42], [84, 249, 119, 48], [13, 39, 128, 61], [12, 19, 73, 175]]",0.44246578313775675,180204,9519,0.8270978836841172,696,13.676724137931034,0.48160511087353036,0.00397793236918958,37.861960289946424
0.1,stratified,7,GCN,0.6223739495798319,"[[646, 109, 99, 30], [89, 220, 146, 45], [18, 31, 138, 54], [9, 15, 74, 181]]",0.4668018964892048,180204,9519,0.8270978836841172,696,13.676724137931034,0.48160511087353036,0.00397793236918958,37.861960289946424
0.1,stratified,7,GAT,0.6165966386554622,"[[615, 212, 44, 13], [141, 262, 74, 23], [21, 62, 102, 56], [7, 14, 63, 195]]",0.446000691941118,180204,9519,0.8270978836841172,696,13.676724137931034,0.48160511087353036,0.00397793236918958,37.861960289946424
