Threshold,Method,Run,Model,Accuracy,Confusion_Matrix,Cohen_Kappa,Num_Edges,Num_Nodes,Modularity,Num_Communities,Avg_Community_Size,Avg_Clustering,Graph_Density,Avg_Degree
0.3,blackhole,0,GraphSAGE,0.5736875395319418,"[[433, 167, 60, 45], [72, 232, 65, 37], [19, 45, 98, 60], [15, 29, 60, 144]]",0.4059485754615687,159897,7773,0.8552440092573249,638,12.183385579937305,0.5960454852640551,0.0052935723305245425,41.14164415283674
0.3,blackhole,0,GCN,0.5351043643263758,"[[423, 114, 98, 70], [86, 147, 118, 55], [19, 23, 101, 79], [10, 12, 51, 175]]",0.3630615317744341,159897,7773,0.8552440092573249,638,12.183385579937305,0.5960454852640551,0.0052935723305245425,41.14164415283674
0.3,blackhole,0,GAT,0.6179633143580012,"[[492, 126, 40, 47], [82, 196, 84, 44], [16, 18, 112, 76], [10, 12, 49, 177]]",0.4650486508349547,159897,7773,0.8552440092573249,638,12.183385579937305,0.5960454852640551,0.0052935723305245425,41.14164415283674
