Threshold,Method,Run,Model,Accuracy,Confusion_Matrix,Cohen_Kappa,Num_Edges,Num_Nodes,Modularity,Num_Communities,Avg_Community_Size,Avg_Clustering,Graph_Density,Avg_Degree
0.95,blackhole,0,GraphSAGE,0.8,"[[4, 0, 0, 0], [0, 4, 1, 2], [0, 1, 1, 0], [0, 0, 0, 7]]",0.7163120567375887,89,76,0.823885593748446,28,2.7142857142857144,0.4110270912030443,0.031228070175438598,2.3421052631578947
0.95,blackhole,0,GCN,0.8,"[[4, 0, 0, 0], [0, 5, 1, 1], [0, 0, 1, 1], [0, 1, 0, 6]]",0.7163120567375887,89,76,0.823885593748446,28,2.7142857142857144,0.4110270912030443,0.031228070175438598,2.3421052631578947
0.95,blackhole,0,GAT,0.85,"[[4, 0, 0, 0], [0, 4, 2, 1], [0, 0, 2, 0], [0, 0, 0, 7]]",0.7945205479452054,89,76,0.823885593748446,28,2.7142857142857144,0.4110270912030443,0.031228070175438598,2.3421052631578947
