Threshold,Method,Run,Model,Accuracy,Confusion_Matrix,Cohen_Kappa,Num_Edges,Num_Nodes,Modularity,Num_Communities,Avg_Community_Size,Avg_Clustering,Graph_Density,Avg_Degree
0.0,stratified,3,GraphSAGE,0.6017561983471075,"[[609, 171, 85, 39], [108, 249, 108, 42], [21, 52, 122, 49], [13, 23, 60, 185]]",0.434216810476186,207682,9679,0.8278883932310456,732,13.222677595628415,0.5502805204873552,0.004434174146541255,42.913937390226266
0.0,stratified,3,GCN,0.5475206611570248,"[[527, 161, 149, 67], [93, 204, 141, 69], [18, 21, 138, 67], [15, 13, 62, 191]]",0.3776877217483965,207682,9679,0.8278883932310456,732,13.222677595628415,0.5502805204873552,0.004434174146541255,42.913937390226266
0.0,stratified,3,GAT,0.6389462809917356,"[[667, 178, 49, 10], [93, 234, 153, 27], [8, 25, 173, 38], [10, 11, 97, 163]]",0.48654463003139325,207682,9679,0.8278883932310456,732,13.222677595628415,0.5502805204873552,0.004434174146541255,42.913937390226266
