Threshold,Method,Run,Model,Accuracy,Confusion_Matrix,Cohen_Kappa,Num_Edges,Num_Nodes,Modularity,Num_Communities,Avg_Community_Size,Avg_Clustering,Graph_Density,Avg_Degree
0.5,blackhole,5,GraphSAGE,0.6071774975751697,"[[307, 77, 43, 15], [65, 129, 65, 16], [13, 20, 96, 24], [9, 21, 37, 94]]",0.45060432143110907,65572,5063,0.8897442782545785,518,9.774131274131275,0.6120539873285233,0.005117034648299073,25.902429389689907
0.5,blackhole,5,GCN,0.6265761396702231,"[[301, 89, 33, 19], [46, 143, 46, 40], [14, 18, 82, 39], [4, 14, 23, 120]]",0.48165990015422167,65572,5063,0.8897442782545785,518,9.774131274131275,0.6120539873285233,0.005117034648299073,25.902429389689907
0.5,blackhole,5,GAT,0.600387972841901,"[[290, 110, 23, 19], [59, 151, 34, 31], [20, 24, 61, 48], [9, 14, 21, 117]]",0.4394506042666849,65572,5063,0.8897442782545785,518,9.774131274131275,0.6120539873285233,0.005117034648299073,25.902429389689907
