Threshold,Method,Run,Model,Accuracy,Confusion_Matrix,Cohen_Kappa,Num_Edges,Num_Nodes,Modularity,Num_Communities,Avg_Community_Size,Avg_Clustering,Graph_Density,Avg_Degree
0.8,stratified,5,GraphSAGE,0.589622641509434,"[[211, 69, 25, 11], [35, 126, 38, 34], [11, 26, 60, 37], [5, 11, 46, 103]]",0.4422370696579945,6942,4236,0.839570301955281,549,7.715846994535519,0.019896143387814924,0.000773936339220913,3.2776203966005664
0.8,stratified,5,GCN,0.5224056603773585,"[[191, 63, 46, 16], [42, 99, 62, 30], [14, 25, 63, 32], [9, 19, 47, 90]]",0.3559831832552628,6942,4236,0.839570301955281,549,7.715846994535519,0.019896143387814924,0.000773936339220913,3.2776203966005664
0.8,stratified,5,GAT,0.5648584905660378,"[[191, 78, 33, 14], [34, 118, 60, 21], [10, 27, 69, 28], [5, 20, 39, 101]]",0.4125384163364004,6942,4236,0.839570301955281,549,7.715846994535519,0.019896143387814924,0.000773936339220913,3.2776203966005664
