Threshold,Method,Run,Model,Accuracy,Confusion_Matrix,Cohen_Kappa,Num_Edges,Num_Nodes,Modularity,Num_Communities,Avg_Community_Size,Avg_Clustering,Graph_Density,Avg_Degree
0.2,blackhole,5,GraphSAGE,0.6066990815775256,"[[570, 151, 53, 59], [106, 244, 84, 53], [28, 42, 105, 75], [12, 29, 36, 204]]",0.44396523978113933,217052,9099,0.8549609751282852,596,15.266778523489933,0.6136488287591454,0.005243897450943314,47.70897900868227
0.2,blackhole,5,GCN,0.5888708806050783,"[[526, 181, 57, 69], [82, 248, 85, 72], [19, 28, 103, 100], [11, 17, 40, 213]]",0.42857507956115104,217052,9099,0.8549609751282852,596,15.266778523489933,0.6136488287591454,0.005243897450943314,47.70897900868227
0.2,blackhole,5,GAT,0.6018368449486764,"[[554, 151, 80, 48], [91, 234, 124, 38], [18, 29, 144, 59], [9, 26, 64, 182]]",0.44483363163330836,217052,9099,0.8549609751282852,596,15.266778523489933,0.6136488287591454,0.005243897450943314,47.70897900868227
