Threshold,Method,Run,Model,Accuracy,Confusion_Matrix,Cohen_Kappa,Num_Edges,Num_Nodes,Modularity,Num_Communities,Avg_Community_Size,Avg_Clustering,Graph_Density,Avg_Degree
0.3,random,2,GraphSAGE,0.5588714053174173,"[[535, 162, 100, 45], [103, 196, 111, 78], [11, 33, 107, 87], [13, 12, 58, 192]]",0.3865577801496227,138952,9215,0.8315584132489213,623,14.791332263242376,0.3474164360735913,0.0032730395287738903,30.157786218122627
0.3,random,2,GCN,0.5208898534997287,"[[446, 252, 102, 42], [65, 243, 119, 61], [19, 60, 100, 59], [10, 34, 60, 171]]",0.3417548307556898,138952,9215,0.8315584132489213,623,14.791332263242376,0.3474164360735913,0.0032730395287738903,30.157786218122627
0.3,random,2,GAT,0.5491047205642974,"[[539, 170, 112, 21], [97, 169, 174, 48], [23, 29, 148, 38], [20, 16, 83, 156]]",0.372879752744283,138952,9215,0.8315584132489213,623,14.791332263242376,0.3474164360735913,0.0032730395287738903,30.157786218122627
