Threshold,Method,Run,Model,Accuracy,Confusion_Matrix,Cohen_Kappa,Num_Edges,Num_Nodes,Modularity,Num_Communities,Avg_Community_Size,Avg_Clustering,Graph_Density,Avg_Degree
0.4,stratified,5,GraphSAGE,0.578368999421631,"[[499, 137, 100, 41], [79, 222, 118, 40], [14, 42, 113, 58], [10, 19, 71, 166]]",0.415521652215163,88220,8644,0.8208348822048301,634,13.634069400630915,0.24354458343868118,0.0023616621968555467,20.41184636742249
0.4,stratified,5,GCN,0.5147484094852516,"[[424, 164, 150, 39], [80, 191, 144, 44], [26, 28, 112, 61], [9, 26, 68, 163]]",0.3387126552266614,88220,8644,0.8208348822048301,634,13.634069400630915,0.24354458343868118,0.0023616621968555467,20.41184636742249
0.4,stratified,5,GAT,0.5945633314054367,"[[466, 249, 44, 18], [69, 272, 74, 44], [13, 56, 98, 60], [7, 15, 52, 192]]",0.43419130038587983,88220,8644,0.8208348822048301,634,13.634069400630915,0.24354458343868118,0.0023616621968555467,20.41184636742249
