Threshold,Method,Run,Model,Accuracy,Confusion_Matrix,Cohen_Kappa,Num_Edges,Num_Nodes,Modularity,Num_Communities,Avg_Community_Size,Avg_Clustering,Graph_Density,Avg_Degree
0.9,random,7,GraphSAGE,0.5371900826446281,"[[47, 13, 9, 8], [9, 32, 12, 11], [7, 13, 18, 7], [5, 6, 12, 33]]",0.37881878394792934,770,1209,0.9928180026485461,439,2.7539863325740317,0.0,0.001054453628689903,1.2737799834574028
0.9,random,7,GCN,0.5,"[[40, 16, 8, 13], [11, 30, 16, 7], [7, 5, 20, 13], [3, 6, 16, 31]]",0.3335154205075679,770,1209,0.9928180026485461,439,2.7539863325740317,0.0,0.001054453628689903,1.2737799834574028
0.9,random,7,GAT,0.5867768595041323,"[[51, 13, 6, 7], [10, 32, 14, 8], [7, 5, 22, 11], [0, 6, 13, 37]]",0.4467433300564687,770,1209,0.9928180026485461,439,2.7539863325740317,0.0,0.001054453628689903,1.2737799834574028
