Threshold,Method,Run,Model,Accuracy,Confusion_Matrix,Cohen_Kappa,Num_Edges,Num_Nodes,Modularity,Num_Communities,Avg_Community_Size,Avg_Clustering,Graph_Density,Avg_Degree
0.2,random,2,GraphSAGE,0.5781664016958135,"[[552, 192, 84, 42], [92, 226, 105, 73], [20, 49, 117, 56], [14, 20, 49, 196]]",0.40888623382265776,171009,9434,0.8313062328958447,645,14.626356589147287,0.43190295912790216,0.003843290892075486,36.25376298494806
0.2,random,2,GCN,0.5421303656597775,"[[515, 157, 114, 84], [91, 191, 118, 96], [27, 38, 115, 62], [17, 17, 43, 202]]",0.3673694523936557,171009,9434,0.8313062328958447,645,14.626356589147287,0.43190295912790216,0.003843290892075486,36.25376298494806
0.2,random,2,GAT,0.6216216216216216,"[[636, 163, 39, 32], [103, 224, 92, 77], [21, 43, 118, 60], [17, 17, 50, 195]]",0.45872431304945904,171009,9434,0.8313062328958447,645,14.626356589147287,0.43190295912790216,0.003843290892075486,36.25376298494806
