Threshold,Method,Run,Model,Accuracy,Confusion_Matrix,Cohen_Kappa,Num_Edges,Num_Nodes,Modularity,Num_Communities,Avg_Community_Size,Avg_Clustering,Graph_Density,Avg_Degree
0.9,random,6,GraphSAGE,0.556910569105691,"[[59, 10, 7, 3], [15, 27, 12, 10], [5, 9, 18, 14], [7, 9, 8, 33]]",0.4002952227589909,785,1229,0.9914849728961268,445,2.761797752808989,0.0,0.0010402779728759114,1.2774613506916193
0.9,random,6,GCN,0.5284552845528455,"[[51, 18, 8, 2], [13, 34, 5, 12], [9, 5, 16, 16], [6, 8, 14, 29]]",0.36266583284942155,785,1229,0.9914849728961268,445,2.761797752808989,0.0,0.0010402779728759114,1.2774613506916193
0.9,random,6,GAT,0.573170731707317,"[[60, 12, 7, 0], [14, 28, 12, 10], [3, 10, 16, 17], [2, 5, 13, 37]]",0.4247087908416669,785,1229,0.9914849728961268,445,2.761797752808989,0.0,0.0010402779728759114,1.2774613506916193
