Threshold,Method,Run,Model,Accuracy,Confusion_Matrix,Cohen_Kappa,Num_Edges,Num_Nodes,Modularity,Num_Communities,Avg_Community_Size,Avg_Clustering,Graph_Density,Avg_Degree
0.9,blackhole,7,GraphSAGE,0.7972972972972973,"[[22, 2, 1, 0], [0, 15, 4, 0], [0, 3, 7, 2], [0, 1, 2, 15]]",0.7261287934863064,770,341,0.8164065644895587,96,3.5520833333333335,0.48919292787227375,0.013282732447817837,4.516129032258065
0.9,blackhole,7,GCN,0.7837837837837838,"[[21, 3, 1, 0], [0, 11, 7, 1], [0, 3, 9, 0], [0, 0, 1, 17]]",0.7103718199608611,770,341,0.8164065644895587,96,3.5520833333333335,0.48919292787227375,0.013282732447817837,4.516129032258065
0.9,blackhole,7,GAT,0.7702702702702703,"[[21, 2, 2, 0], [0, 10, 8, 1], [0, 2, 9, 1], [0, 0, 1, 17]]",0.6933950767730929,770,341,0.8164065644895587,96,3.5520833333333335,0.48919292787227375,0.013282732447817837,4.516129032258065
