Threshold,Method,Run,Model,Accuracy,Confusion_Matrix,Cohen_Kappa,Num_Edges,Num_Nodes,Modularity,Num_Communities,Avg_Community_Size,Avg_Clustering,Graph_Density,Avg_Degree
0.2,blackhole,9,GraphSAGE,0.5827922077922078,"[[506, 216, 63, 53], [77, 289, 75, 50], [23, 62, 93, 65], [15, 31, 41, 189]]",0.41521387586908876,211241,9106,0.8559195436470203,612,14.879084967320262,0.6140291253483224,0.005095662013797349,46.39600263562486
0.2,blackhole,9,GCN,0.5081168831168831,"[[463, 193, 110, 72], [79, 203, 141, 68], [19, 40, 113, 71], [9, 23, 84, 160]]",0.32828617870574195,211241,9106,0.8559195436470203,612,14.879084967320262,0.6140291253483224,0.005095662013797349,46.39600263562486
0.2,blackhole,9,GAT,0.6147186147186147,"[[587, 135, 83, 33], [86, 234, 121, 50], [20, 32, 106, 85], [10, 7, 50, 209]]",0.45944711252069526,211241,9106,0.8559195436470203,612,14.879084967320262,0.6140291253483224,0.005095662013797349,46.39600263562486
