Threshold,Method,Run,Model,Accuracy,Confusion_Matrix,Cohen_Kappa,Num_Edges,Num_Nodes,Modularity,Num_Communities,Avg_Community_Size,Avg_Clustering,Graph_Density,Avg_Degree
0.03,random,5,GraphSAGE,0.6145136387030365,"[[622, 151, 101, 33], [109, 237, 112, 51], [16, 46, 143, 40], [6, 15, 69, 192]]",0.455043250327654,227369,9715,0.8311474489150972,715,13.587412587412587,0.5827684980583796,0.0048185940862872706,46.80782295419454
0.03,random,5,GCN,0.6351003602676274,"[[666, 117, 94, 30], [130, 224, 110, 45], [11, 42, 146, 46], [7, 20, 57, 198]]",0.4786115555091287,227369,9715,0.8311474489150972,715,13.587412587412587,0.5827684980583796,0.0048185940862872706,46.80782295419454
0.03,random,5,GAT,0.6150283067421514,"[[634, 146, 112, 15], [135, 207, 130, 37], [15, 50, 132, 48], [7, 16, 37, 222]]",0.4521895997123302,227369,9715,0.8311474489150972,715,13.587412587412587,0.5827684980583796,0.0048185940862872706,46.80782295419454
