Threshold,Method,Run,Model,Accuracy,Confusion_Matrix,Cohen_Kappa,Num_Edges,Num_Nodes,Modularity,Num_Communities,Avg_Community_Size,Avg_Clustering,Graph_Density,Avg_Degree
0.2,blackhole,0,GraphSAGE,0.6154261057173679,"[[575, 145, 62, 54], [87, 240, 91, 58], [18, 46, 113, 74], [12, 21, 45, 213]]",0.46033406246708486,222424,9092,0.8495238084846469,593,15.33220910623946,0.6134524418085164,0.00538196113859363,48.92740871095469
0.2,blackhole,0,GCN,0.6030204962243797,"[[584, 110, 118, 24], [100, 195, 154, 27], [16, 26, 167, 42], [12, 15, 92, 172]]",0.4468794386037732,222424,9092,0.8495238084846469,593,15.33220910623946,0.6134524418085164,0.00538196113859363,48.92740871095469
0.2,blackhole,0,GAT,0.6251348435814456,"[[592, 151, 68, 25], [97, 242, 99, 38], [22, 34, 119, 76], [12, 15, 58, 206]]",0.47099402772936716,222424,9092,0.8495238084846469,593,15.33220910623946,0.6134524418085164,0.00538196113859363,48.92740871095469
