Threshold,Method,Run,Model,Accuracy,Confusion_Matrix,Cohen_Kappa,Num_Edges,Num_Nodes,Modularity,Num_Communities,Avg_Community_Size,Avg_Clustering,Graph_Density,Avg_Degree
0.1,stratified,6,GraphSAGE,0.5642105263157895,"[[566, 155, 112, 49], [99, 222, 107, 70], [20, 41, 114, 66], [12, 25, 72, 170]]",0.3897552426665508,178563,9499,0.8270954701042705,689,13.786647314949201,0.47918724290265147,0.003958324701798912,37.596168017686075
0.1,stratified,6,GCN,0.5489473684210526,"[[537, 171, 124, 50], [85, 229, 106, 78], [27, 54, 100, 60], [11, 39, 52, 177]]",0.37094089208717596,178563,9499,0.8270954701042705,689,13.786647314949201,0.47918724290265147,0.003958324701798912,37.596168017686075
0.1,stratified,6,GAT,0.6173684210526316,"[[607, 224, 28, 23], [123, 260, 73, 42], [23, 43, 102, 73], [4, 12, 59, 204]]",0.4508504602153821,178563,9499,0.8270954701042705,689,13.786647314949201,0.47918724290265147,0.003958324701798912,37.596168017686075
