Threshold,Method,Run,Model,Accuracy,Confusion_Matrix,Cohen_Kappa,Num_Edges,Num_Nodes,Modularity,Num_Communities,Avg_Community_Size,Avg_Clustering,Graph_Density,Avg_Degree
0.9,blackhole,5,GraphSAGE,0.8936170212765957,"[[5, 1, 1, 0], [0, 6, 2, 1], [0, 0, 12, 0], [0, 0, 0, 19]]",0.8484848484848485,941,199,0.38394488533496407,54,3.685185185185185,0.4354663597302227,0.04776407288970103,9.457286432160805
0.9,blackhole,5,GCN,0.8297872340425532,"[[5, 1, 1, 0], [0, 5, 4, 0], [1, 0, 11, 0], [0, 0, 1, 18]]",0.7600510529674537,941,199,0.38394488533496407,54,3.685185185185185,0.4354663597302227,0.04776407288970103,9.457286432160805
0.9,blackhole,5,GAT,0.851063829787234,"[[5, 2, 0, 0], [0, 6, 3, 0], [1, 0, 11, 0], [0, 0, 1, 18]]",0.7908455181182454,941,199,0.38394488533496407,54,3.685185185185185,0.4354663597302227,0.04776407288970103,9.457286432160805
