Threshold,Method,Run,Model,Accuracy,Confusion_Matrix,Cohen_Kappa,Num_Edges,Num_Nodes,Modularity,Num_Communities,Avg_Community_Size,Avg_Clustering,Graph_Density,Avg_Degree
0.06,stratified,2,GraphSAGE,0.59375,"[[571, 193, 83, 45], [84, 249, 110, 60], [19, 40, 120, 65], [7, 23, 51, 200]]",0.43103481682444034,190728,9597,0.8273306794077002,720,13.329166666666667,0.5071769952726043,0.0041420822289583254,39.74742106908409
0.06,stratified,2,GCN,0.6322916666666667,"[[622, 146, 97, 27], [100, 243, 110, 50], [17, 34, 139, 54], [6, 13, 52, 210]]",0.48056785300842764,190728,9597,0.8273306794077002,720,13.329166666666667,0.5071769952726043,0.0041420822289583254,39.74742106908409
0.06,stratified,2,GAT,0.640625,"[[690, 129, 55, 18], [95, 215, 127, 66], [14, 39, 132, 59], [7, 25, 56, 193]]",0.48601916254643984,190728,9597,0.8273306794077002,720,13.329166666666667,0.5071769952726043,0.0041420822289583254,39.74742106908409
