Threshold,Method,Run,Model,Accuracy,Confusion_Matrix,Cohen_Kappa,Num_Edges,Num_Nodes,Modularity,Num_Communities,Avg_Community_Size,Avg_Clustering,Graph_Density,Avg_Degree
0.06,random,9,GraphSAGE,0.5943152454780362,"[[594, 150, 113, 44], [101, 231, 120, 55], [18, 37, 136, 54], [6, 19, 68, 189]]",0.4313804542891988,216121,9673,0.8312270804460237,705,13.720567375886525,0.5524993624188343,0.004620079921967784,44.68541300527241
0.06,random,9,GCN,0.6470284237726098,"[[673, 121, 67, 40], [115, 257, 87, 48], [24, 48, 121, 52], [14, 19, 48, 201]]",0.4915118270377252,216121,9673,0.8312270804460237,705,13.720567375886525,0.5524993624188343,0.004620079921967784,44.68541300527241
0.06,random,9,GAT,0.6134366925064599,"[[623, 225, 40, 13], [114, 247, 94, 52], [18, 28, 141, 58], [11, 17, 78, 176]]",0.44780452147293326,216121,9673,0.8312270804460237,705,13.720567375886525,0.5524993624188343,0.004620079921967784,44.68541300527241
