Threshold,Method,Run,Model,Accuracy,Confusion_Matrix,Cohen_Kappa,Num_Edges,Num_Nodes,Modularity,Num_Communities,Avg_Community_Size,Avg_Clustering,Graph_Density,Avg_Degree
0.7,random,6,GraphSAGE,0.5689655172413793,"[[303, 128, 50, 27], [44, 202, 57, 55], [22, 44, 72, 49], [8, 22, 44, 149]]",0.41062405154394155,19725,6380,0.8342363515621048,506,12.608695652173912,0.03681197873799305,0.0009693346261071177,6.183385579937304
0.7,random,6,GCN,0.5156739811912225,"[[292, 116, 52, 48], [65, 163, 58, 72], [23, 45, 65, 54], [11, 31, 43, 138]]",0.3385140372245654,19725,6380,0.8342363515621048,506,12.608695652173912,0.03681197873799305,0.0009693346261071177,6.183385579937304
0.7,random,6,GAT,0.5901253918495298,"[[358, 88, 35, 27], [75, 162, 65, 56], [18, 36, 72, 61], [9, 22, 31, 161]]",0.4336137477763745,19725,6380,0.8342363515621048,506,12.608695652173912,0.03681197873799305,0.0009693346261071177,6.183385579937304
