Threshold,Method,Run,Model,Accuracy,Confusion_Matrix,Cohen_Kappa,Num_Edges,Num_Nodes,Modularity,Num_Communities,Avg_Community_Size,Avg_Clustering,Graph_Density,Avg_Degree
0.1,stratified,3,GraphSAGE,0.6293193717277487,"[[633, 126, 90, 37], [104, 251, 108, 40], [18, 35, 140, 48], [9, 20, 73, 178]]",0.47382285431685256,182108,9549,0.8271567678309594,708,13.48728813559322,0.48814736466374586,0.003994741825759429,38.141794952351034
0.1,stratified,3,GCN,0.6387434554973822,"[[670, 93, 91, 32], [97, 226, 142, 38], [19, 30, 142, 50], [11, 18, 69, 182]]",0.4863576290059253,182108,9549,0.8271567678309594,708,13.48728813559322,0.48814736466374586,0.003994741825759429,38.141794952351034
0.1,stratified,3,GAT,0.6706806282722513,"[[722, 130, 22, 12], [163, 254, 60, 26], [33, 51, 109, 48], [12, 28, 44, 196]]",0.5107621813656422,182108,9549,0.8271567678309594,708,13.48728813559322,0.48814736466374586,0.003994741825759429,38.141794952351034
