Threshold,Method,Run,Model,Accuracy,Confusion_Matrix,Cohen_Kappa,Num_Edges,Num_Nodes,Modularity,Num_Communities,Avg_Community_Size,Avg_Clustering,Graph_Density,Avg_Degree
0.06,random,5,GraphSAGE,0.59349173553719,"[[596, 161, 92, 53], [101, 231, 110, 65], [19, 44, 123, 59], [8, 20, 55, 199]]",0.42822145933312405,218036,9678,0.8312483215478026,701,13.80599144079886,0.5583695603576053,0.00465620231984524,45.058069849142385
0.06,random,5,GCN,0.6203512396694215,"[[599, 161, 104, 38], [72, 256, 131, 48], [15, 45, 143, 42], [5, 18, 56, 203]]",0.4693975871267687,218036,9678,0.8312483215478026,701,13.80599144079886,0.5583695603576053,0.00465620231984524,45.058069849142385
0.06,random,5,GAT,0.5723140495867769,"[[547, 231, 87, 37], [73, 238, 126, 70], [9, 34, 121, 81], [7, 22, 51, 202]]",0.40715931986757126,218036,9678,0.8312483215478026,701,13.80599144079886,0.5583695603576053,0.00465620231984524,45.058069849142385
