Threshold,Method,Run,Model,Accuracy,Confusion_Matrix,Cohen_Kappa,Num_Edges,Num_Nodes,Modularity,Num_Communities,Avg_Community_Size,Avg_Clustering,Graph_Density,Avg_Degree
0.9,stratified,4,GraphSAGE,0.553030303030303,"[[55, 16, 7, 4], [15, 30, 17, 10], [1, 12, 20, 14], [4, 9, 9, 41]]",0.39958368668568345,931,1319,0.967145485529928,415,3.1783132530120484,0.0015639235277194869,0.0010710739846368186,1.4116755117513267
0.9,stratified,4,GCN,0.4810606060606061,"[[50, 16, 8, 8], [14, 30, 13, 15], [3, 12, 16, 16], [3, 15, 14, 31]]",0.3030273832694199,931,1319,0.967145485529928,415,3.1783132530120484,0.0015639235277194869,0.0010710739846368186,1.4116755117513267
0.9,stratified,4,GAT,0.5643939393939394,"[[58, 17, 0, 7], [10, 35, 15, 12], [1, 13, 18, 15], [0, 10, 15, 38]]",0.4144196273579447,931,1319,0.967145485529928,415,3.1783132530120484,0.0015639235277194869,0.0010710739846368186,1.4116755117513267
