Threshold,Method,Run,Model,Accuracy,Confusion_Matrix,Cohen_Kappa,Num_Edges,Num_Nodes,Modularity,Num_Communities,Avg_Community_Size,Avg_Clustering,Graph_Density,Avg_Degree
0.7,random,1,GraphSAGE,0.5743298131600325,"[[310, 98, 40, 36], [87, 177, 54, 29], [16, 42, 79, 44], [5, 31, 42, 141]]",0.41286404497245655,17102,6153,0.8348339195332083,516,11.924418604651162,0.03038894172607167,0.0009035946603906411,5.558914350723224
0.7,random,1,GCN,0.5158407798537774,"[[273, 98, 63, 50], [72, 140, 79, 56], [16, 29, 79, 57], [11, 21, 44, 143]]",0.34516484320750307,17102,6153,0.8348339195332083,516,11.924418604651162,0.03038894172607167,0.0009035946603906411,5.558914350723224
0.7,random,1,GAT,0.554021121039805,"[[297, 113, 39, 35], [68, 166, 80, 33], [16, 28, 85, 52], [10, 27, 48, 134]]",0.3905946089247696,17102,6153,0.8348339195332083,516,11.924418604651162,0.03038894172607167,0.0009035946603906411,5.558914350723224
