Threshold,Method,Run,Model,Accuracy,Confusion_Matrix,Cohen_Kappa,Num_Edges,Num_Nodes,Modularity,Num_Communities,Avg_Community_Size,Avg_Clustering,Graph_Density,Avg_Degree
0.7,blackhole,4,GraphSAGE,0.6110019646365422,"[[123, 47, 24, 9], [20, 76, 29, 18], [4, 10, 44, 14], [8, 7, 8, 68]]",0.4698948542213479,20005,2483,0.8845493399086916,341,7.281524926686217,0.6549300291544409,0.006492172559058325,16.113572291582763
0.7,blackhole,4,GCN,0.4950884086444008,"[[91, 53, 38, 21], [14, 62, 29, 38], [5, 11, 30, 26], [4, 7, 11, 69]]",0.3296110285450725,20005,2483,0.8845493399086916,341,7.281524926686217,0.6549300291544409,0.006492172559058325,16.113572291582763
0.7,blackhole,4,GAT,0.6070726915520629,"[[140, 41, 15, 7], [21, 73, 31, 18], [8, 18, 31, 15], [9, 5, 12, 65]]",0.4567566557982422,20005,2483,0.8845493399086916,341,7.281524926686217,0.6549300291544409,0.006492172559058325,16.113572291582763
