Threshold,Method,Run,Model,Accuracy,Confusion_Matrix,Cohen_Kappa,Num_Edges,Num_Nodes,Modularity,Num_Communities,Avg_Community_Size,Avg_Clustering,Graph_Density,Avg_Degree
0.03,blackhole,9,GraphSAGE,0.6014394961763383,"[[665, 182, 110, 60], [103, 284, 134, 63], [27, 37, 161, 65], [16, 21, 68, 227]]",0.4429888664402699,330488,11024,0.8371739746963865,555,19.863063063063063,0.6118999393699271,0.005439345914407492,59.957910014513786
0.03,blackhole,9,GCN,0.598740440845704,"[[682, 175, 96, 64], [117, 278, 114, 75], [21, 45, 126, 98], [13, 25, 49, 245]]",0.4362651252522416,330488,11024,0.8371739746963865,555,19.863063063063063,0.6118999393699271,0.005439345914407492,59.957910014513786
0.03,blackhole,9,GAT,0.6365272154745839,"[[697, 258, 29, 33], [127, 327, 97, 33], [17, 50, 154, 69], [3, 16, 76, 237]]",0.4833285535573183,330488,11024,0.8371739746963865,555,19.863063063063063,0.6118999393699271,0.005439345914407492,59.957910014513786
