Threshold,Method,Run,Model,Accuracy,Confusion_Matrix,Cohen_Kappa,Num_Edges,Num_Nodes,Modularity,Num_Communities,Avg_Community_Size,Avg_Clustering,Graph_Density,Avg_Degree
0.0,stratified,8,GraphSAGE,0.5825142265907916,"[[573, 203, 82, 43], [100, 251, 109, 47], [38, 38, 121, 47], [18, 30, 52, 181]]",0.4084071340153639,207750,9664,0.8277132483063581,730,13.238356164383562,0.5527598078941628,0.004449406934212772,42.994619205298015
0.0,stratified,8,GCN,0.5380237972064149,"[[521, 249, 74, 57], [101, 243, 82, 81], [26, 65, 84, 69], [16, 36, 37, 192]]",0.3505434997311754,207750,9664,0.8277132483063581,730,13.238356164383562,0.5527598078941628,0.004449406934212772,42.994619205298015
0.0,stratified,8,GAT,0.6094154164511123,"[[581, 218, 82, 20], [94, 246, 130, 37], [16, 44, 149, 35], [6, 23, 50, 202]]",0.45059944428068754,207750,9664,0.8277132483063581,730,13.238356164383562,0.5527598078941628,0.004449406934212772,42.994619205298015
