Threshold,Method,Run,Model,Accuracy,Confusion_Matrix,Cohen_Kappa,Num_Edges,Num_Nodes,Modularity,Num_Communities,Avg_Community_Size,Avg_Clustering,Graph_Density,Avg_Degree
0.9,blackhole,9,GraphSAGE,0.8378378378378378,"[[1, 1, 0, 0], [0, 5, 2, 2], [0, 1, 8, 0], [0, 0, 0, 17]]",0.7508417508417509,893,152,0.3215954618111226,35,4.3428571428571425,0.5518013993819323,0.07781456953642384,11.75
0.9,blackhole,9,GCN,0.8378378378378378,"[[1, 1, 0, 0], [0, 7, 2, 0], [0, 1, 8, 0], [0, 1, 1, 15]]",0.7594799566630552,893,152,0.3215954618111226,35,4.3428571428571425,0.5518013993819323,0.07781456953642384,11.75
0.9,blackhole,9,GAT,0.8648648648648649,"[[2, 0, 0, 0], [0, 5, 2, 2], [0, 1, 8, 0], [0, 0, 0, 17]]",0.7939866369710468,893,152,0.3215954618111226,35,4.3428571428571425,0.5518013993819323,0.07781456953642384,11.75
