Threshold,Method,Run,Model,Accuracy,Confusion_Matrix,Cohen_Kappa,Num_Edges,Num_Nodes,Modularity,Num_Communities,Avg_Community_Size,Avg_Clustering,Graph_Density,Avg_Degree
0.1,blackhole,3,GraphSAGE,0.6087996174079388,"[[631, 225, 49, 50], [107, 317, 58, 62], [27, 73, 103, 72], [13, 40, 42, 222]]",0.443754392320703,282789,10271,0.8429477326839284,573,17.92495636998255,0.6104961264300308,0.005361784254303317,55.06552429169506
0.1,blackhole,3,GCN,0.5872788139646102,"[[584, 198, 109, 64], [74, 283, 135, 52], [18, 40, 143, 74], [6, 26, 67, 218]]",0.4306060455942272,282789,10271,0.8429477326839284,573,17.92495636998255,0.6104961264300308,0.005361784254303317,55.06552429169506
0.1,blackhole,3,GAT,0.5868005738880918,"[[612, 223, 85, 35], [91, 253, 163, 37], [17, 27, 173, 58], [12, 13, 103, 189]]",0.4259754570116424,282789,10271,0.8429477326839284,573,17.92495636998255,0.6104961264300308,0.005361784254303317,55.06552429169506
