Threshold,Method,Run,Model,Accuracy,Confusion_Matrix,Cohen_Kappa,Num_Edges,Num_Nodes,Modularity,Num_Communities,Avg_Community_Size,Avg_Clustering,Graph_Density,Avg_Degree
0.8,blackhole,7,GraphSAGE,0.5853658536585366,"[[51, 28, 6, 4], [15, 43, 10, 3], [4, 9, 23, 5], [1, 2, 15, 27]]",0.43494122415889747,6995,1210,0.8265221679318174,254,4.7637795275590555,0.6413674718155282,0.009563261762675253,11.561983471074381
0.8,blackhole,7,GCN,0.6300813008130082,"[[60, 19, 6, 4], [14, 41, 11, 5], [2, 9, 21, 9], [3, 3, 6, 33]]",0.49437593169806215,6995,1210,0.8265221679318174,254,4.7637795275590555,0.6413674718155282,0.009563261762675253,11.561983471074381
0.8,blackhole,7,GAT,0.6788617886178862,"[[65, 18, 3, 3], [13, 47, 4, 7], [2, 11, 18, 10], [2, 2, 4, 37]]",0.5575741018986478,6995,1210,0.8265221679318174,254,4.7637795275590555,0.6413674718155282,0.009563261762675253,11.561983471074381
