Threshold,Method,Run,Model,Accuracy,Confusion_Matrix,Cohen_Kappa,Num_Edges,Num_Nodes,Modularity,Num_Communities,Avg_Community_Size,Avg_Clustering,Graph_Density,Avg_Degree
0.6,stratified,8,GraphSAGE,0.6023271731690623,"[[400, 128, 60, 28], [71, 219, 78, 31], [17, 38, 101, 46], [5, 31, 48, 160]]",0.4495961976767182,38764,7304,0.8231596078656339,566,12.904593639575971,0.12298790822636799,0.0014534380160653568,10.614457831325302
0.6,stratified,8,GCN,0.5550992470910335,"[[376, 121, 55, 64], [73, 183, 83, 60], [38, 28, 76, 60], [8, 22, 38, 176]]",0.3871687797776344,38764,7304,0.8231596078656339,566,12.904593639575971,0.12298790822636799,0.0014534380160653568,10.614457831325302
0.6,stratified,8,GAT,0.5859000684462696,"[[378, 156, 61, 21], [60, 216, 81, 42], [21, 36, 87, 58], [5, 16, 48, 175]]",0.43023238574577005,38764,7304,0.8231596078656339,566,12.904593639575971,0.12298790822636799,0.0014534380160653568,10.614457831325302
