Threshold,Method,Run,Model,Accuracy,Confusion_Matrix,Cohen_Kappa,Num_Edges,Num_Nodes,Modularity,Num_Communities,Avg_Community_Size,Avg_Clustering,Graph_Density,Avg_Degree
0.06,random,2,GraphSAGE,0.6089876033057852,"[[645, 143, 72, 42], [122, 222, 97, 66], [22, 43, 120, 60], [11, 20, 59, 192]]",0.4412091264031235,216657,9676,0.831269700057751,702,13.783475783475783,0.5539302954392252,0.0046286664679811955,44.78234807771806
0.06,random,2,GCN,0.6358471074380165,"[[643, 126, 80, 53], [91, 239, 112, 65], [13, 39, 129, 64], [6, 14, 42, 220]]",0.48585603079861295,216657,9676,0.831269700057751,702,13.783475783475783,0.5539302954392252,0.0046286664679811955,44.78234807771806
0.06,random,2,GAT,0.640495867768595,"[[664, 189, 34, 15], [134, 251, 82, 40], [21, 33, 136, 55], [7, 20, 66, 189]]",0.47992041268070706,216657,9676,0.831269700057751,702,13.783475783475783,0.5539302954392252,0.0046286664679811955,44.78234807771806
