Threshold,Method,Run,Model,Accuracy,Confusion_Matrix,Cohen_Kappa,Num_Edges,Num_Nodes,Modularity,Num_Communities,Avg_Community_Size,Avg_Clustering,Graph_Density,Avg_Degree
0.7,blackhole,3,GraphSAGE,0.5341130604288499,"[[112, 52, 27, 10], [20, 70, 36, 16], [5, 19, 46, 12], [9, 7, 26, 46]]",0.36912706784326843,18684,2482,0.9237178286030832,332,7.475903614457831,0.6398188598724514,0.006068359662362237,15.055600322320709
0.7,blackhole,3,GCN,0.50682261208577,"[[103, 63, 25, 10], [22, 72, 43, 5], [4, 19, 41, 18], [9, 10, 25, 44]]",0.33228898183445743,18684,2482,0.9237178286030832,332,7.475903614457831,0.6398188598724514,0.006068359662362237,15.055600322320709
0.7,blackhole,3,GAT,0.5321637426900585,"[[116, 52, 22, 11], [20, 68, 43, 11], [5, 16, 44, 17], [2, 12, 29, 45]]",0.3676490226089101,18684,2482,0.9237178286030832,332,7.475903614457831,0.6398188598724514,0.006068359662362237,15.055600322320709
