Threshold,Method,Run,Model,Accuracy,Confusion_Matrix,Cohen_Kappa,Num_Edges,Num_Nodes,Modularity,Num_Communities,Avg_Community_Size,Avg_Clustering,Graph_Density,Avg_Degree
0.1,random,4,GraphSAGE,0.5881742738589212,"[[588, 165, 105, 38], [104, 224, 119, 59], [22, 47, 127, 48], [11, 21, 55, 195]]",0.4204462939700869,206235,9638,0.831016483460609,693,13.907647907647908,0.5250298864714584,0.004440824248504593,42.79622328283876
0.1,random,4,GCN,0.5321576763485477,"[[528, 182, 139, 47], [107, 196, 149, 54], [22, 42, 124, 56], [8, 24, 72, 178]]",0.3520930929163216,206235,9638,0.831016483460609,693,13.907647907647908,0.5250298864714584,0.004440824248504593,42.79622328283876
0.1,random,4,GAT,0.5778008298755186,"[[597, 137, 127, 35], [113, 191, 138, 64], [26, 40, 115, 63], [7, 16, 48, 211]]",0.4072249874789142,206235,9638,0.831016483460609,693,13.907647907647908,0.5250298864714584,0.004440824248504593,42.79622328283876
