Threshold,Method,Run,Model,Accuracy,Confusion_Matrix,Cohen_Kappa,Num_Edges,Num_Nodes,Modularity,Num_Communities,Avg_Community_Size,Avg_Clustering,Graph_Density,Avg_Degree
0.3,blackhole,1,GraphSAGE,0.603082851637765,"[[438, 160, 51, 35], [62, 241, 80, 35], [13, 45, 111, 50], [16, 21, 50, 149]]",0.4469250334094925,159817,7750,0.8560667083224867,627,12.360446570972886,0.6003378842917333,0.0053223766646268615,41.243096774193546
0.3,blackhole,1,GCN,0.6005138086062941,"[[456, 104, 86, 38], [77, 204, 113, 24], [8, 34, 134, 43], [8, 11, 76, 141]]",0.4477186875553163,159817,7750,0.8560667083224867,627,12.360446570972886,0.6003378842917333,0.0053223766646268615,41.243096774193546
0.3,blackhole,1,GAT,0.6082209377007065,"[[411, 204, 46, 23], [59, 277, 68, 14], [16, 67, 96, 40], [4, 29, 40, 163]]",0.4530590902573145,159817,7750,0.8560667083224867,627,12.360446570972886,0.6003378842917333,0.0053223766646268615,41.243096774193546
