Threshold,Method,Run,Model,Accuracy,Confusion_Matrix,Cohen_Kappa,Num_Edges,Num_Nodes,Modularity,Num_Communities,Avg_Community_Size,Avg_Clustering,Graph_Density,Avg_Degree
0.7,blackhole,0,GraphSAGE,0.5925925925925926,"[[121, 50, 14, 11], [19, 75, 27, 14], [9, 18, 37, 18], [6, 10, 13, 71]]",0.44525332174344967,20545,2478,0.8864668880842161,327,7.577981651376147,0.6653965094279204,0.006694356440837627,16.581920903954803
0.7,blackhole,0,GCN,0.5360623781676414,"[[110, 48, 21, 17], [28, 50, 30, 27], [5, 12, 39, 26], [5, 8, 11, 76]]",0.374995520837066,20545,2478,0.8864668880842161,327,7.577981651376147,0.6653965094279204,0.006694356440837627,16.581920903954803
0.7,blackhole,0,GAT,0.6023391812865497,"[[132, 44, 8, 12], [28, 64, 28, 15], [3, 15, 39, 25], [7, 5, 14, 74]]",0.456835745908829,20545,2478,0.8864668880842161,327,7.577981651376147,0.6653965094279204,0.006694356440837627,16.581920903954803
