Threshold,Method,Run,Model,Accuracy,Confusion_Matrix,Cohen_Kappa,Num_Edges,Num_Nodes,Modularity,Num_Communities,Avg_Community_Size,Avg_Clustering,Graph_Density,Avg_Degree
0.3,stratified,1,GraphSAGE,0.5835176991150443,"[[560, 117, 97, 47], [96, 208, 119, 58], [30, 28, 114, 62], [13, 20, 66, 173]]",0.4158051654030933,121727,9040,0.8237423040850981,624,14.487179487179487,0.33339437649472353,0.002979395089322865,26.93075221238938
0.3,stratified,1,GCN,0.5436946902654868,"[[528, 118, 104, 71], [109, 165, 135, 72], [33, 21, 108, 72], [18, 19, 53, 182]]",0.3644839585031372,121727,9040,0.8237423040850981,624,14.487179487179487,0.33339437649472353,0.002979395089322865,26.93075221238938
0.3,stratified,1,GAT,0.6067477876106194,"[[586, 142, 66, 27], [95, 217, 112, 57], [30, 30, 122, 52], [15, 18, 67, 172]]",0.4428839077107234,121727,9040,0.8237423040850981,624,14.487179487179487,0.33339437649472353,0.002979395089322865,26.93075221238938
