Threshold,Method,Run,Model,Accuracy,Confusion_Matrix,Cohen_Kappa,Num_Edges,Num_Nodes,Modularity,Num_Communities,Avg_Community_Size,Avg_Clustering,Graph_Density,Avg_Degree
0.7,stratified,6,GraphSAGE,0.5994983277591973,"[[316, 88, 45, 24], [54, 185, 65, 34], [13, 33, 86, 40], [6, 17, 60, 130]]",0.4516014469932006,18474,5980,0.8309011419885989,499,11.983967935871744,0.0589375506965814,0.0010333827258280236,6.178595317725753
0.7,stratified,6,GCN,0.5367892976588629,"[[284, 108, 52, 29], [72, 147, 72, 47], [17, 33, 70, 52], [5, 26, 41, 141]]",0.3676263847226452,18474,5980,0.8309011419885989,499,11.983967935871744,0.0589375506965814,0.0010333827258280236,6.178595317725753
0.7,stratified,6,GAT,0.5627090301003345,"[[310, 93, 49, 21], [57, 153, 80, 48], [17, 26, 62, 67], [4, 27, 34, 148]]",0.40236452335955697,18474,5980,0.8309011419885989,499,11.983967935871744,0.0589375506965814,0.0010333827258280236,6.178595317725753
