Threshold,Method,Run,Model,Accuracy,Confusion_Matrix,Cohen_Kappa,Num_Edges,Num_Nodes,Modularity,Num_Communities,Avg_Community_Size,Avg_Clustering,Graph_Density,Avg_Degree
0.7,stratified,5,GraphSAGE,0.5834767641996558,"[[302, 97, 38, 21], [63, 171, 52, 41], [14, 37, 81, 36], [9, 27, 49, 124]]",0.4264759569985459,16879,5808,0.8314007904862786,491,11.828920570264765,0.05426397718326852,0.0010009174829845808,5.81232782369146
0.7,stratified,5,GCN,0.5413080895008606,"[[287, 79, 65, 27], [73, 138, 75, 41], [19, 23, 82, 44], [14, 14, 59, 122]]",0.37507844993027795,16879,5808,0.8314007904862786,491,11.828920570264765,0.05426397718326852,0.0010009174829845808,5.81232782369146
0.7,stratified,5,GAT,0.580895008605852,"[[311, 87, 31, 29], [72, 153, 60, 42], [16, 24, 72, 56], [8, 26, 36, 139]]",0.42254653656903896,16879,5808,0.8314007904862786,491,11.828920570264765,0.05426397718326852,0.0010009174829845808,5.81232782369146
