Threshold,Method,Run,Model,Accuracy,Confusion_Matrix,Cohen_Kappa,Num_Edges,Num_Nodes,Modularity,Num_Communities,Avg_Community_Size,Avg_Clustering,Graph_Density,Avg_Degree
0.5,blackhole,4,GraphSAGE,0.6272189349112426,"[[312, 56, 45, 16], [46, 144, 60, 16], [9, 31, 75, 30], [4, 30, 35, 105]]",0.48160210338960585,74688,5098,0.871978872975079,510,9.996078431372549,0.6157488157013232,0.005748656526316106,29.300902314633188
0.5,blackhole,4,GCN,0.5996055226824457,"[[271, 86, 51, 21], [39, 145, 53, 29], [12, 27, 69, 37], [9, 19, 23, 123]]",0.44929269418303663,74688,5098,0.871978872975079,510,9.996078431372549,0.6157488157013232,0.005748656526316106,29.300902314633188
0.5,blackhole,4,GAT,0.6301775147928994,"[[318, 56, 45, 10], [52, 130, 64, 20], [11, 16, 86, 32], [9, 11, 49, 105]]",0.4860027845740007,74688,5098,0.871978872975079,510,9.996078431372549,0.6157488157013232,0.005748656526316106,29.300902314633188
