Threshold,Method,Run,Model,Accuracy,Confusion_Matrix,Cohen_Kappa,Num_Edges,Num_Nodes,Modularity,Num_Communities,Avg_Community_Size,Avg_Clustering,Graph_Density,Avg_Degree
0.2,random,3,GraphSAGE,0.5826271186440678,"[[565, 149, 115, 41], [97, 217, 120, 63], [24, 40, 130, 48], [12, 17, 62, 188]]",0.4163098076433416,171956,9437,0.8312299744322712,644,14.653726708074535,0.43420339687004145,0.003862117144358364,36.44293737416552
0.2,random,3,GCN,0.5402542372881356,"[[527, 149, 117, 77], [109, 181, 118, 89], [25, 38, 118, 61], [14, 17, 54, 194]]",0.36233986356398984,171956,9437,0.8312299744322712,644,14.653726708074535,0.43420339687004145,0.003862117144358364,36.44293737416552
0.2,random,3,GAT,0.6022245762711864,"[[569, 204, 79, 18], [107, 234, 116, 40], [22, 50, 122, 48], [10, 10, 47, 212]]",0.43829735986828655,171956,9437,0.8312299744322712,644,14.653726708074535,0.43420339687004145,0.003862117144358364,36.44293737416552
