Threshold,Method,Run,Model,Accuracy,Confusion_Matrix,Cohen_Kappa,Num_Edges,Num_Nodes,Modularity,Num_Communities,Avg_Community_Size,Avg_Clustering,Graph_Density,Avg_Degree
0.1,blackhole,1,GraphSAGE,0.6072115384615384,"[[635, 179, 92, 39], [104, 266, 131, 45], [14, 45, 153, 62], [17, 27, 62, 209]]",0.44908807568879394,277737,10269,0.8454135721769276,569,18.047451669595784,0.6126465823250302,0.0052680479822042985,54.092316681273736
0.1,blackhole,1,GCN,0.5836538461538462,"[[589, 184, 119, 53], [69, 254, 176, 47], [11, 38, 165, 60], [9, 18, 82, 206]]",0.42855837633019567,277737,10269,0.8454135721769276,569,18.047451669595784,0.6126465823250302,0.0052680479822042985,54.092316681273736
0.1,blackhole,1,GAT,0.5942307692307692,"[[581, 218, 103, 43], [74, 285, 138, 49], [26, 32, 118, 98], [11, 15, 37, 252]]",0.4381303957910989,277737,10269,0.8454135721769276,569,18.047451669595784,0.6126465823250302,0.0052680479822042985,54.092316681273736
