Threshold,Method,Run,Model,Accuracy,Confusion_Matrix,Cohen_Kappa,Num_Edges,Num_Nodes,Modularity,Num_Communities,Avg_Community_Size,Avg_Clustering,Graph_Density,Avg_Degree
0.6,stratified,0,GraphSAGE,0.571917808219178,"[[389, 125, 74, 29], [65, 196, 92, 47], [14, 43, 93, 50], [5, 31, 50, 157]]",0.4117419529522497,38733,7300,0.8227887047740416,565,12.920353982300885,0.12452505727504473,0.001453867765710071,10.611780821917808
0.6,stratified,0,GCN,0.5568493150684931,"[[378, 122, 62, 55], [56, 197, 71, 76], [21, 43, 71, 65], [11, 25, 40, 167]]",0.39145856807035384,38733,7300,0.8227887047740416,565,12.920353982300885,0.12452505727504473,0.001453867765710071,10.611780821917808
0.6,stratified,0,GAT,0.5794520547945206,"[[415, 124, 56, 22], [83, 192, 80, 45], [14, 43, 100, 43], [11, 30, 63, 139]]",0.4152388581358667,38733,7300,0.8227887047740416,565,12.920353982300885,0.12452505727504473,0.001453867765710071,10.611780821917808
