Threshold,Method,Run,Model,Accuracy,Confusion_Matrix,Cohen_Kappa,Num_Edges,Num_Nodes,Modularity,Num_Communities,Avg_Community_Size,Avg_Clustering,Graph_Density,Avg_Degree
0.3,stratified,5,GraphSAGE,0.5603305785123966,"[[539, 137, 114, 38], [109, 185, 133, 55], [28, 32, 124, 50], [15, 17, 70, 169]]",0.3851137906923725,120711,9072,0.823006007605447,643,14.10886469673406,0.3282637228089689,0.0029337198199506655,26.611772486772487
0.3,stratified,5,GCN,0.50633608815427,"[[484, 179, 124, 41], [109, 185, 123, 65], [36, 43, 93, 62], [13, 35, 66, 157]]",0.31281549410401577,120711,9072,0.823006007605447,643,14.10886469673406,0.3282637228089689,0.0029337198199506655,26.611772486772487
0.3,stratified,5,GAT,0.5426997245179064,"[[504, 166, 134, 24], [113, 189, 134, 46], [33, 43, 117, 41], [11, 23, 62, 175]]",0.362184791762194,120711,9072,0.823006007605447,643,14.10886469673406,0.3282637228089689,0.0029337198199506655,26.611772486772487
