Threshold,Method,Run,Model,Accuracy,Confusion_Matrix,Cohen_Kappa,Num_Edges,Num_Nodes,Modularity,Num_Communities,Avg_Community_Size,Avg_Clustering,Graph_Density,Avg_Degree
0.8,blackhole,4,GraphSAGE,0.6264591439688716,"[[50, 26, 10, 5], [5, 46, 14, 4], [2, 7, 28, 11], [0, 5, 7, 37]]",0.5009809672134463,6818,1218,0.8385967632120105,247,4.931174089068826,0.6483822163926468,0.00919918019626177,11.195402298850574
0.8,blackhole,4,GCN,0.6303501945525292,"[[61, 14, 13, 3], [10, 42, 12, 5], [2, 12, 22, 12], [0, 5, 7, 37]]",0.501571941858566,6818,1218,0.8385967632120105,247,4.931174089068826,0.6483822163926468,0.00919918019626177,11.195402298850574
0.8,blackhole,4,GAT,0.6498054474708171,"[[61, 18, 9, 3], [9, 43, 15, 2], [1, 9, 27, 11], [0, 1, 12, 36]]",0.5290836166703992,6818,1218,0.8385967632120105,247,4.931174089068826,0.6483822163926468,0.00919918019626177,11.195402298850574
