Threshold,Method,Run,Model,Accuracy,Confusion_Matrix,Cohen_Kappa,Num_Edges,Num_Nodes,Modularity,Num_Communities,Avg_Community_Size,Avg_Clustering,Graph_Density,Avg_Degree
0.0,random,5,GraphSAGE,0.6200716845878136,"[[622, 145, 95, 52], [116, 250, 95, 50], [19, 41, 127, 58], [9, 17, 45, 212]]",0.46101815195511775,235833,9764,0.8310929227858217,731,13.357045143638851,0.6046022013502748,0.004947929593806646,48.30663662433429
0.0,random,5,GCN,0.6436251920122887,"[[676, 127, 78, 33], [120, 255, 84, 52], [9, 48, 131, 57], [9, 26, 53, 195]]",0.48842327749208136,235833,9764,0.8310929227858217,731,13.357045143638851,0.6046022013502748,0.004947929593806646,48.30663662433429
0.0,random,5,GAT,0.6308243727598566,"[[652, 176, 74, 12], [152, 242, 89, 28], [25, 46, 114, 60], [6, 16, 37, 224]]",0.4660407558709,235833,9764,0.8310929227858217,731,13.357045143638851,0.6046022013502748,0.004947929593806646,48.30663662433429
