Threshold,Method,Run,Model,Accuracy,Confusion_Matrix,Cohen_Kappa,Num_Edges,Num_Nodes,Modularity,Num_Communities,Avg_Community_Size,Avg_Clustering,Graph_Density,Avg_Degree
0.06,stratified,9,GraphSAGE,0.6025039123630673,"[[619, 123, 108, 41], [99, 226, 128, 50], [15, 36, 124, 68], [7, 18, 69, 186]]",0.44075118118616696,190381,9585,0.8274360599230873,708,13.538135593220339,0.5094882863070784,0.004144905916050312,39.724778299426184
0.06,stratified,9,GCN,0.5691184141888367,"[[553, 182, 118, 38], [102, 231, 118, 52], [20, 44, 116, 63], [10, 25, 54, 191]]",0.3972730698518916,190381,9585,0.8274360599230873,708,13.538135593220339,0.5094882863070784,0.004144905916050312,39.724778299426184
0.06,stratified,9,GAT,0.6395409494001043,"[[666, 123, 82, 20], [123, 208, 130, 42], [19, 31, 128, 65], [7, 9, 40, 224]]",0.48487200616296156,190381,9585,0.8274360599230873,708,13.538135593220339,0.5094882863070784,0.004144905916050312,39.724778299426184
