Threshold,Method,Run,Model,Accuracy,Confusion_Matrix,Cohen_Kappa,Num_Edges,Num_Nodes,Modularity,Num_Communities,Avg_Community_Size,Avg_Clustering,Graph_Density,Avg_Degree
0.3,blackhole,7,GraphSAGE,0.6068484464172479,"[[472, 141, 48, 42], [70, 215, 90, 41], [13, 43, 113, 50], [15, 18, 49, 157]]",0.4500086345730555,159355,7766,0.8593838634573306,640,12.134375,0.5965870340389257,0.005285144235799916,41.03914499098635
0.3,blackhole,7,GCN,0.6017755231452124,"[[447, 158, 56, 42], [63, 234, 74, 45], [12, 44, 105, 58], [9, 26, 41, 163]]",0.445919968132269,159355,7766,0.8593838634573306,640,12.134375,0.5965870340389257,0.005285144235799916,41.03914499098635
0.3,blackhole,7,GAT,0.5986049461001902,"[[442, 152, 70, 39], [58, 210, 100, 48], [18, 33, 89, 79], [10, 8, 18, 203]]",0.44518833753973197,159355,7766,0.8593838634573306,640,12.134375,0.5965870340389257,0.005285144235799916,41.03914499098635
