Threshold,Method,Run,Model,Accuracy,Confusion_Matrix,Cohen_Kappa,Num_Edges,Num_Nodes,Modularity,Num_Communities,Avg_Community_Size,Avg_Clustering,Graph_Density,Avg_Degree
0.0,blackhole,6,GraphSAGE,0.6214141414141414,"[[826, 162, 111, 68], [136, 301, 134, 72], [28, 34, 174, 73], [16, 24, 79, 237]]",0.4609983688697229,358636,12412,0.8343632149300656,831,14.936221419975933,0.5937638927981805,0.004656239761942283,57.788591685465676
0.0,blackhole,6,GCN,0.6161616161616161,"[[789, 201, 120, 57], [111, 319, 165, 48], [19, 45, 183, 62], [14, 25, 83, 234]]",0.458789636106379,358636,12412,0.8343632149300656,831,14.936221419975933,0.5937638927981805,0.004656239761942283,57.788591685465676
0.0,blackhole,6,GAT,0.6214141414141414,"[[780, 267, 90, 30], [134, 365, 107, 37], [23, 75, 140, 71], [13, 29, 61, 253]]",0.4583560762705273,358636,12412,0.8343632149300656,831,14.936221419975933,0.5937638927981805,0.004656239761942283,57.788591685465676
