Threshold,Method,Run,Model,Accuracy,Confusion_Matrix,Cohen_Kappa,Num_Edges,Num_Nodes,Modularity,Num_Communities,Avg_Community_Size,Avg_Clustering,Graph_Density,Avg_Degree
0.8,random,8,GraphSAGE,0.5817575083426029,"[[218, 68, 22, 24], [47, 127, 37, 42], [17, 30, 56, 39], [6, 16, 28, 122]]",0.42926610182655645,6845,4492,0.8395395906277687,553,8.122965641952984,0.00961752896522314,0.0006786106099603977,3.047640249332146
0.8,random,8,GCN,0.5228031145717463,"[[191, 72, 34, 35], [47, 117, 52, 37], [18, 28, 56, 40], [11, 19, 36, 106]]",0.3540682357551873,6845,4492,0.8395395906277687,553,8.122965641952984,0.00961752896522314,0.0006786106099603977,3.047640249332146
0.8,random,8,GAT,0.6051167964404894,"[[237, 58, 23, 14], [48, 141, 44, 20], [11, 39, 53, 39], [9, 19, 31, 113]]",0.45768463480864463,6845,4492,0.8395395906277687,553,8.122965641952984,0.00961752896522314,0.0006786106099603977,3.047640249332146
