Threshold,Method,Run,Model,Accuracy,Confusion_Matrix,Cohen_Kappa,Num_Edges,Num_Nodes,Modularity,Num_Communities,Avg_Community_Size,Avg_Clustering,Graph_Density,Avg_Degree
0.9,stratified,9,GraphSAGE,0.5764705882352941,"[[61, 9, 5, 4], [13, 28, 20, 8], [4, 5, 20, 16], [4, 10, 10, 38]]",0.4308976690362043,887,1271,0.9700000231580654,409,3.1075794621026893,0.0016229859426136926,0.0010990168321800059,1.3957513768686074
0.9,stratified,9,GCN,0.5058823529411764,"[[48, 15, 8, 8], [16, 26, 12, 15], [2, 10, 15, 18], [2, 10, 10, 40]]",0.33611587495092676,887,1271,0.9700000231580654,409,3.1075794621026893,0.0016229859426136926,0.0010990168321800059,1.3957513768686074
0.9,stratified,9,GAT,0.6,"[[54, 18, 3, 4], [13, 35, 11, 10], [2, 9, 19, 15], [2, 6, 9, 45]]",0.4608879492600423,887,1271,0.9700000231580654,409,3.1075794621026893,0.0016229859426136926,0.0010990168321800059,1.3957513768686074
