Threshold,Method,Run,Model,Accuracy,Confusion_Matrix,Cohen_Kappa,Num_Edges,Num_Nodes,Modularity,Num_Communities,Avg_Community_Size,Avg_Clustering,Graph_Density,Avg_Degree
0.5,blackhole,2,GraphSAGE,0.6033138401559455,"[[294, 82, 33, 20], [57, 157, 40, 28], [10, 45, 61, 40], [8, 27, 17, 107]]",0.4447874784606547,75281,5089,0.8698167442970907,496,10.26008064516129,0.6153816747941554,0.005814813922246898,29.585773236392217
0.5,blackhole,2,GCN,0.5263157894736842,"[[242, 90, 72, 25], [44, 128, 85, 25], [14, 24, 88, 30], [11, 10, 56, 82]]",0.35699612755471133,75281,5089,0.8698167442970907,496,10.26008064516129,0.6153816747941554,0.005814813922246898,29.585773236392217
0.5,blackhole,2,GAT,0.6052631578947368,"[[311, 69, 41, 8], [59, 137, 68, 18], [15, 23, 102, 16], [7, 9, 72, 71]]",0.4498309891602684,75281,5089,0.8698167442970907,496,10.26008064516129,0.6153816747941554,0.005814813922246898,29.585773236392217
