Threshold,Method,Run,Model,Accuracy,Confusion_Matrix,Cohen_Kappa,Num_Edges,Num_Nodes,Modularity,Num_Communities,Avg_Community_Size,Avg_Clustering,Graph_Density,Avg_Degree
0.8,random,6,GraphSAGE,0.5953436807095344,"[[206, 72, 30, 25], [44, 133, 48, 29], [12, 23, 68, 39], [6, 14, 23, 130]]",0.45157125842266144,6890,4508,0.8400695081123138,551,8.181488203266788,0.009669942680475746,0.0006782311809550322,3.05678793256433
0.8,random,6,GCN,0.516629711751663,"[[193, 89, 33, 18], [46, 115, 55, 38], [14, 29, 56, 43], [11, 16, 44, 102]]",0.3456122280885957,6890,4508,0.8400695081123138,551,8.181488203266788,0.009669942680475746,0.0006782311809550322,3.05678793256433
0.8,random,6,GAT,0.5953436807095344,"[[223, 75, 24, 11], [50, 135, 37, 32], [7, 31, 67, 37], [7, 19, 35, 112]]",0.44725845363992134,6890,4508,0.8400695081123138,551,8.181488203266788,0.009669942680475746,0.0006782311809550322,3.05678793256433
