Threshold,Method,Run,Model,Accuracy,Confusion_Matrix,Cohen_Kappa,Num_Edges,Num_Nodes,Modularity,Num_Communities,Avg_Community_Size,Avg_Clustering,Graph_Density,Avg_Degree
0.2,random,8,GraphSAGE,0.5917503966155473,"[[587, 161, 88, 36], [103, 222, 111, 61], [20, 59, 112, 52], [12, 21, 48, 198]]",0.4234701453634402,174220,9453,0.8313311189887178,648,14.587962962962964,0.4402166486185499,0.0038997308509717697,36.86025600338517
0.2,random,8,GCN,0.5346377578001058,"[[490, 219, 79, 84], [88, 225, 80, 104], [23, 58, 86, 76], [13, 26, 30, 210]]",0.3547541553153062,174220,9453,0.8313311189887178,648,14.587962962962964,0.4402166486185499,0.0038997308509717697,36.86025600338517
0.2,random,8,GAT,0.5875198307773665,"[[555, 212, 81, 24], [104, 227, 132, 34], [14, 74, 117, 38], [9, 19, 39, 212]]",0.4195674912461721,174220,9453,0.8313311189887178,648,14.587962962962964,0.4402166486185499,0.0038997308509717697,36.86025600338517
