Threshold,Method,Run,Model,Accuracy,Confusion_Matrix,Cohen_Kappa,Num_Edges,Num_Nodes,Modularity,Num_Communities,Avg_Community_Size,Avg_Clustering,Graph_Density,Avg_Degree
0.0,stratified,2,GraphSAGE,0.5849251419721219,"[[605, 140, 107, 53], [120, 204, 130, 53], [25, 34, 142, 43], [12, 13, 74, 182]]",0.41465823792490275,207986,9685,0.8279575363198858,727,13.321870701513067,0.5518926996300242,0.004435164091859284,42.95012906556531
0.0,stratified,2,GCN,0.546205472379969,"[[547, 139, 144, 75], [103, 186, 136, 82], [18, 33, 136, 57], [17, 18, 57, 189]]",0.3723643511011123,207986,9685,0.8279575363198858,727,13.321870701513067,0.5518926996300242,0.004435164091859284,42.95012906556531
0.0,stratified,2,GAT,0.6298399586990191,"[[662, 152, 70, 21], [137, 223, 111, 36], [25, 43, 130, 46], [9, 13, 54, 205]]",0.4666512287541489,207986,9685,0.8279575363198858,727,13.321870701513067,0.5518926996300242,0.004435164091859284,42.95012906556531
