Threshold,Method,Run,Model,Accuracy,Confusion_Matrix,Cohen_Kappa,Num_Edges,Num_Nodes,Modularity,Num_Communities,Avg_Community_Size,Avg_Clustering,Graph_Density,Avg_Degree
0.03,stratified,0,GraphSAGE,0.5851505711318795,"[[565, 190, 100, 41], [82, 257, 113, 52], [20, 56, 111, 57], [9, 26, 53, 194]]",0.4188910975436604,199956,9626,0.8276161405599259,715,13.462937062937064,0.5311369382679058,0.004316361801506202,41.544982339497196
0.03,stratified,0,GCN,0.5638629283489096,"[[548, 176, 135, 37], [92, 226, 133, 53], [20, 55, 131, 38], [13, 28, 60, 181]]",0.3924504693014441,199956,9626,0.8276161405599259,715,13.462937062937064,0.5311369382679058,0.004316361801506202,41.544982339497196
0.03,stratified,0,GAT,0.6334371754932503,"[[635, 210, 38, 13], [100, 270, 79, 55], [20, 49, 117, 58], [13, 18, 53, 198]]",0.4738323948327261,199956,9626,0.8276161405599259,715,13.462937062937064,0.5311369382679058,0.004316361801506202,41.544982339497196
