Threshold,Method,Run,Model,Accuracy,Confusion_Matrix,Cohen_Kappa,Num_Edges,Num_Nodes,Modularity,Num_Communities,Avg_Community_Size,Avg_Clustering,Graph_Density,Avg_Degree
0.6,blackhole,9,GraphSAGE,0.5741758241758241,"[[172, 76, 25, 12], [32, 114, 38, 15], [15, 27, 58, 21], [6, 19, 24, 74]]",0.4158573706334251,40441,3639,0.8817958426277582,420,8.664285714285715,0.6310226390879701,0.006109520570099047,22.226435834020336
0.6,blackhole,9,GCN,0.554945054945055,"[[181, 44, 34, 26], [39, 86, 46, 28], [13, 19, 52, 37], [8, 7, 23, 85]]",0.3949703990232192,40441,3639,0.8817958426277582,420,8.664285714285715,0.6310226390879701,0.006109520570099047,22.226435834020336
0.6,blackhole,9,GAT,0.6167582417582418,"[[188, 74, 12, 11], [28, 118, 31, 22], [12, 19, 52, 38], [6, 6, 20, 91]]",0.47417091671628653,40441,3639,0.8817958426277582,420,8.664285714285715,0.6310226390879701,0.006109520570099047,22.226435834020336
