Threshold,Method,Run,Model,Accuracy,Confusion_Matrix,Cohen_Kappa,Num_Edges,Num_Nodes,Modularity,Num_Communities,Avg_Community_Size,Avg_Clustering,Graph_Density,Avg_Degree
0.4,blackhole,4,GraphSAGE,0.6124401913875598,"[[370, 101, 41, 24], [69, 178, 60, 29], [13, 44, 86, 41], [9, 23, 32, 134]]",0.4576568623612204,109323,6291,0.8696335476907823,503,12.506958250497018,0.6170941964805744,0.005525495199819866,34.75536480686695
0.4,blackhole,4,GCN,0.583732057416268,"[[332, 120, 50, 34], [48, 184, 55, 49], [10, 41, 72, 61], [7, 19, 28, 144]]",0.427144702435336,109323,6291,0.8696335476907823,503,12.506958250497018,0.6170941964805744,0.005525495199819866,34.75536480686695
0.4,blackhole,4,GAT,0.6068580542264753,"[[353, 104, 55, 24], [61, 173, 69, 33], [13, 24, 89, 58], [9, 11, 32, 146]]",0.4563790965767699,109323,6291,0.8696335476907823,503,12.506958250497018,0.6170941964805744,0.005525495199819866,34.75536480686695
