Threshold,Method,Run,Model,Accuracy,Confusion_Matrix,Cohen_Kappa,Num_Edges,Num_Nodes,Modularity,Num_Communities,Avg_Community_Size,Avg_Clustering,Graph_Density,Avg_Degree
0.5,random,7,GraphSAGE,0.5665261890427453,"[[490, 113, 79, 46], [95, 202, 105, 46], [24, 50, 97, 54], [13, 17, 78, 152]]",0.3949959377026723,66202,8301,0.8329371469180853,553,15.010849909584087,0.1542726380795607,0.0019217310151339003,15.950367425611372
0.5,random,7,GCN,0.5003010234798314,"[[406, 145, 128, 49], [83, 161, 161, 43], [27, 30, 124, 44], [15, 17, 88, 140]]",0.3207795739716336,66202,8301,0.8329371469180853,553,15.010849909584087,0.1542726380795607,0.0019217310151339003,15.950367425611372
0.5,random,7,GAT,0.588801926550271,"[[524, 128, 60, 16], [76, 209, 135, 28], [23, 47, 107, 48], [13, 24, 85, 138]]",0.4230333415723503,66202,8301,0.8329371469180853,553,15.010849909584087,0.1542726380795607,0.0019217310151339003,15.950367425611372
