Threshold,Method,Run,Model,Accuracy,Confusion_Matrix,Cohen_Kappa,Num_Edges,Num_Nodes,Modularity,Num_Communities,Avg_Community_Size,Avg_Clustering,Graph_Density,Avg_Degree
0.6,blackhole,0,GraphSAGE,0.6008010680907877,"[[193, 62, 30, 12], [29, 109, 42, 18], [8, 23, 60, 29], [8, 17, 21, 88]]",0.4544154512167492,43850,3671,0.8807865594222095,399,9.200501253132833,0.6366491137030437,0.006509522682012415,23.88994824298556
0.6,blackhole,0,GCN,0.6088117489986649,"[[201, 57, 27, 12], [38, 100, 45, 15], [9, 19, 71, 21], [12, 8, 30, 84]]",0.4633004076781422,43850,3671,0.8807865594222095,399,9.200501253132833,0.6366491137030437,0.006509522682012415,23.88994824298556
0.6,blackhole,0,GAT,0.6154873164218959,"[[192, 66, 24, 15], [45, 107, 33, 13], [6, 24, 66, 24], [1, 23, 14, 96]]",0.4722009488599246,43850,3671,0.8807865594222095,399,9.200501253132833,0.6366491137030437,0.006509522682012415,23.88994824298556
