Threshold,Method,Run,Model,Accuracy,Confusion_Matrix,Cohen_Kappa,Num_Edges,Num_Nodes,Modularity,Num_Communities,Avg_Community_Size,Avg_Clustering,Graph_Density,Avg_Degree
0.2,stratified,8,GraphSAGE,0.584895554365292,"[[566, 153, 110, 32], [105, 217, 125, 44], [17, 39, 125, 58], [13, 16, 63, 184]]",0.4176398662474422,153983,9334,0.8240628640121705,665,14.03609022556391,0.42074587776062866,0.0035351977315483574,32.994000428540815
0.2,stratified,8,GCN,0.5441885377611141,"[[531, 169, 110, 51], [111, 198, 124, 58], [25, 25, 114, 75], [16, 23, 64, 173]]",0.36367422936238736,153983,9334,0.8240628640121705,665,14.03609022556391,0.42074587776062866,0.0035351977315483574,32.994000428540815
0.2,stratified,8,GAT,0.5897161221210498,"[[552, 210, 86, 13], [108, 247, 99, 37], [22, 43, 111, 63], [12, 31, 42, 191]]",0.41929827980775936,153983,9334,0.8240628640121705,665,14.03609022556391,0.42074587776062866,0.0035351977315483574,32.994000428540815
