Threshold,Method,Run,Model,Accuracy,Confusion_Matrix,Cohen_Kappa,Num_Edges,Num_Nodes,Modularity,Num_Communities,Avg_Community_Size,Avg_Clustering,Graph_Density,Avg_Degree
0.1,stratified,2,GraphSAGE,0.5598111227701994,"[[540, 193, 114, 38], [84, 252, 104, 60], [17, 61, 108, 55], [11, 36, 66, 167]]",0.38512441055328783,180899,9527,0.8266588696250572,699,13.629470672389127,0.48564195335643606,0.003986570230654444,37.97606801721423
0.1,stratified,2,GCN,0.5351521511017838,"[[504, 165, 153, 63], [84, 220, 134, 62], [25, 41, 114, 61], [11, 14, 73, 182]]",0.3611387488924921,180899,9527,0.8266588696250572,699,13.629470672389127,0.48564195335643606,0.003986570230654444,37.97606801721423
0.1,stratified,2,GAT,0.5876180482686254,"[[558, 150, 153, 24], [91, 225, 146, 38], [22, 53, 133, 33], [9, 11, 56, 204]]",0.4260549350856331,180899,9527,0.8266588696250572,699,13.629470672389127,0.48564195335643606,0.003986570230654444,37.97606801721423
