Threshold,Method,Run,Model,Accuracy,Confusion_Matrix,Cohen_Kappa,Num_Edges,Num_Nodes,Modularity,Num_Communities,Avg_Community_Size,Avg_Clustering,Graph_Density,Avg_Degree
0.6,blackhole,4,GraphSAGE,0.5857908847184986,"[[202, 54, 42, 26], [33, 98, 51, 20], [7, 14, 56, 27], [5, 13, 17, 81]]",0.43111337061515,37402,3689,0.911214984376459,414,8.91062801932367,0.6248177150653131,0.005498259761535291,20.277582000542154
0.6,blackhole,4,GCN,0.5227882037533512,"[[177, 72, 42, 33], [27, 96, 34, 45], [7, 19, 39, 39], [12, 9, 17, 78]]",0.3495949295167563,37402,3689,0.911214984376459,414,8.91062801932367,0.6248177150653131,0.005498259761535291,20.277582000542154
0.6,blackhole,4,GAT,0.5683646112600537,"[[180, 85, 38, 21], [31, 111, 38, 22], [8, 15, 49, 32], [4, 11, 17, 84]]",0.4086477863557586,37402,3689,0.911214984376459,414,8.91062801932367,0.6248177150653131,0.005498259761535291,20.277582000542154
