Threshold,Method,Run,Model,Accuracy,Confusion_Matrix,Cohen_Kappa,Num_Edges,Num_Nodes,Modularity,Num_Communities,Avg_Community_Size,Avg_Clustering,Graph_Density,Avg_Degree
0.3,random,0,GraphSAGE,0.5730581205866377,"[[534, 188, 73, 44], [92, 253, 79, 64], [16, 58, 93, 72], [14, 36, 50, 175]]",0.39949628312722774,135691,9201,0.8315275179072003,623,14.768860353130016,0.3385129344494338,0.003205960599745774,29.494837517661125
0.3,random,0,GCN,0.5230852797392721,"[[495, 132, 171, 41], [107, 171, 153, 57], [27, 28, 131, 53], [14, 19, 76, 166]]",0.34423916394852583,135691,9201,0.8315275179072003,623,14.768860353130016,0.3385129344494338,0.003205960599745774,29.494837517661125
0.3,random,0,GAT,0.5882672460619228,"[[547, 182, 95, 15], [106, 218, 119, 45], [23, 27, 134, 55], [12, 14, 65, 184]]",0.4223797336737435,135691,9201,0.8315275179072003,623,14.768860353130016,0.3385129344494338,0.003205960599745774,29.494837517661125
