Threshold,Method,Run,Model,Accuracy,Confusion_Matrix,Cohen_Kappa,Num_Edges,Num_Nodes,Modularity,Num_Communities,Avg_Community_Size,Avg_Clustering,Graph_Density,Avg_Degree
0.9,stratified,0,GraphSAGE,0.5518672199170125,"[[49, 12, 8, 5], [10, 28, 14, 13], [2, 11, 18, 12], [4, 6, 11, 38]]",0.3997370909342496,831,1205,0.9721981634613047,392,3.0739795918367347,0.0017118797784746915,0.0011455590631504942,1.379253112033195
0.9,stratified,0,GCN,0.4896265560165975,"[[43, 17, 9, 5], [16, 21, 12, 16], [6, 10, 15, 12], [4, 9, 7, 39]]",0.3133903133903134,831,1205,0.9721981634613047,392,3.0739795918367347,0.0017118797784746915,0.0011455590631504942,1.379253112033195
0.9,stratified,0,GAT,0.5767634854771784,"[[48, 18, 7, 1], [15, 28, 12, 10], [3, 10, 23, 7], [1, 9, 9, 40]]",0.43206339671464544,831,1205,0.9721981634613047,392,3.0739795918367347,0.0017118797784746915,0.0011455590631504942,1.379253112033195
