Threshold,Method,Run,Model,Accuracy,Confusion_Matrix,Cohen_Kappa,Num_Edges,Num_Nodes,Modularity,Num_Communities,Avg_Community_Size,Avg_Clustering,Graph_Density,Avg_Degree
0.3,blackhole,4,GraphSAGE,0.6091370558375635,"[[454, 124, 60, 44], [89, 214, 93, 32], [11, 38, 105, 59], [10, 15, 41, 187]]",0.4566207719910199,148449,7764,0.8624062252861306,647,12.0,0.5931310018497021,0.004925974498378449,38.2403400309119
0.3,blackhole,4,GCN,0.5907360406091371,"[[427, 117, 82, 56], [78, 199, 94, 57], [13, 19, 114, 67], [10, 13, 39, 191]]",0.4386336174809311,148449,7764,0.8624062252861306,647,12.0,0.5931310018497021,0.004925974498378449,38.2403400309119
0.3,blackhole,4,GAT,0.623730964467005,"[[436, 176, 37, 33], [75, 247, 74, 32], [7, 30, 109, 67], [7, 12, 43, 191]]",0.4775937859145608,148449,7764,0.8624062252861306,647,12.0,0.5931310018497021,0.004925974498378449,38.2403400309119
