Threshold,Method,Run,Model,Accuracy,Confusion_Matrix,Cohen_Kappa,Num_Edges,Num_Nodes,Modularity,Num_Communities,Avg_Community_Size,Avg_Clustering,Graph_Density,Avg_Degree
0.1,random,9,GraphSAGE,0.6131045241809673,"[[616, 165, 75, 37], [115, 246, 88, 55], [24, 40, 116, 64], [15, 27, 39, 201]]",0.44784479115571096,201625,9615,0.8313994704544458,691,13.914616497829233,0.5139053682476197,0.004362354648128093,41.93967758710348
0.1,random,9,GCN,0.5397815912636506,"[[545, 172, 99, 77], [116, 192, 107, 89], [20, 36, 98, 90], [10, 18, 51, 203]]",0.3587913354854462,201625,9615,0.8313994704544458,691,13.914616497829233,0.5139053682476197,0.004362354648128093,41.93967758710348
0.1,random,9,GAT,0.6053042121684867,"[[604, 178, 98, 13], [110, 225, 125, 44], [20, 36, 130, 58], [7, 17, 53, 205]]",0.4422973167123154,201625,9615,0.8313994704544458,691,13.914616497829233,0.5139053682476197,0.004362354648128093,41.93967758710348
