Threshold,Method,Run,Model,Accuracy,Confusion_Matrix,Cohen_Kappa,Num_Edges,Num_Nodes,Modularity,Num_Communities,Avg_Community_Size,Avg_Clustering,Graph_Density,Avg_Degree
0.9,stratified,1,GraphSAGE,0.5493562231759657,"[[45, 18, 4, 4], [12, 31, 10, 9], [6, 11, 12, 13], [3, 6, 9, 40]]",0.391614651978216,788,1162,0.9765047462297005,387,3.0025839793281652,0.0019117841826339233,0.0011682017846209496,1.3562822719449226
0.9,stratified,1,GCN,0.4721030042918455,"[[43, 15, 7, 6], [17, 20, 13, 12], [4, 10, 14, 14], [3, 7, 15, 33]]",0.2920207509881422,788,1162,0.9765047462297005,387,3.0025839793281652,0.0019117841826339233,0.0011682017846209496,1.3562822719449226
0.9,stratified,1,GAT,0.5407725321888412,"[[51, 13, 5, 2], [9, 23, 15, 15], [4, 8, 18, 12], [3, 8, 13, 34]]",0.38460209320695105,788,1162,0.9765047462297005,387,3.0025839793281652,0.0019117841826339233,0.0011682017846209496,1.3562822719449226
