Threshold,Method,Run,Model,Accuracy,Confusion_Matrix,Cohen_Kappa,Num_Edges,Num_Nodes,Modularity,Num_Communities,Avg_Community_Size,Avg_Clustering,Graph_Density,Avg_Degree
0.06,blackhole,6,GraphSAGE,0.5999074930619797,"[[647, 202, 92, 43], [105, 292, 120, 47], [19, 50, 159, 56], [16, 35, 80, 199]]",0.438626309005429,309394,10703,0.8411153511614238,560,19.1125,0.6104422777179427,0.005402209357901093,57.8144445482575
0.06,blackhole,6,GCN,0.5943570767807586,"[[615, 211, 115, 43], [86, 284, 147, 47], [14, 48, 161, 61], [12, 22, 71, 225]]",0.4383400872079246,309394,10703,0.8411153511614238,560,19.1125,0.6104422777179427,0.005402209357901093,57.8144445482575
0.06,blackhole,6,GAT,0.6276595744680851,"[[698, 176, 95, 15], [125, 261, 149, 29], [21, 30, 185, 48], [13, 10, 94, 213]]",0.4746322235390218,309394,10703,0.8411153511614238,560,19.1125,0.6104422777179427,0.005402209357901093,57.8144445482575
