Threshold,Method,Run,Model,Accuracy,Confusion_Matrix,Cohen_Kappa,Num_Edges,Num_Nodes,Modularity,Num_Communities,Avg_Community_Size,Avg_Clustering,Graph_Density,Avg_Degree
0.0,blackhole,9,GraphSAGE,0.6176706827309237,"[[773, 235, 109, 61], [101, 366, 124, 54], [22, 66, 167, 55], [19, 31, 75, 232]]",0.45894967105323226,358591,12440,0.8341253523119873,844,14.739336492890995,0.5912127733033484,0.004634720329096667,57.65128617363344
0.0,blackhole,9,GCN,0.6108433734939759,"[[790, 223, 96, 69], [110, 341, 120, 74], [25, 54, 134, 97], [11, 28, 62, 256]]",0.44863037959063357,358591,12440,0.8341253523119873,844,14.739336492890995,0.5912127733033484,0.004634720329096667,57.65128617363344
0.0,blackhole,9,GAT,0.6590361445783133,"[[850, 252, 31, 45], [148, 369, 82, 46], [22, 38, 160, 90], [5, 30, 60, 262]]",0.5068632921408284,358591,12440,0.8341253523119873,844,14.739336492890995,0.5912127733033484,0.004634720329096667,57.65128617363344
