Threshold,Method,Run,Model,Accuracy,Confusion_Matrix,Cohen_Kappa,Num_Edges,Num_Nodes,Modularity,Num_Communities,Avg_Community_Size,Avg_Clustering,Graph_Density,Avg_Degree
0.4,random,1,GraphSAGE,0.5910633484162896,"[[554, 127, 76, 36], [109, 214, 86, 62], [34, 46, 98, 56], [19, 20, 52, 179]]",0.4198730065656995,99014,8839,0.8320004944201355,586,15.083617747440274,0.2399374849272803,0.002534950423508561,22.40389184296866
0.4,random,1,GCN,0.5260180995475113,"[[475, 134, 144, 40], [115, 166, 127, 63], [24, 32, 120, 58], [5, 22, 74, 169]]",0.34740980648923747,99014,8839,0.8320004944201355,586,15.083617747440274,0.2399374849272803,0.002534950423508561,22.40389184296866
0.4,random,1,GAT,0.5752262443438914,"[[479, 233, 61, 20], [94, 238, 96, 43], [11, 45, 123, 55], [2, 17, 74, 177]]",0.4092499678545575,99014,8839,0.8320004944201355,586,15.083617747440274,0.2399374849272803,0.002534950423508561,22.40389184296866
