Threshold,Method,Run,Model,Accuracy,Confusion_Matrix,Cohen_Kappa,Num_Edges,Num_Nodes,Modularity,Num_Communities,Avg_Community_Size,Avg_Clustering,Graph_Density,Avg_Degree
0.8,random,7,GraphSAGE,0.5862831858407079,"[[204, 76, 34, 21], [38, 135, 50, 31], [16, 25, 70, 31], [9, 14, 29, 121]]",0.43930360717288597,6937,4519,0.8399687974624276,551,8.201451905626135,0.00962611357672133,0.0006795370214453342,3.07014826289002
0.8,random,7,GCN,0.5132743362831859,"[[202, 70, 34, 29], [53, 107, 51, 43], [18, 33, 53, 38], [6, 25, 40, 102]]",0.33938871533227377,6937,4519,0.8399687974624276,551,8.201451905626135,0.00962611357672133,0.0006795370214453342,3.07014826289002
0.8,random,7,GAT,0.5873893805309734,"[[220, 80, 20, 15], [37, 135, 61, 21], [8, 32, 67, 35], [8, 24, 32, 109]]",0.43822587121205814,6937,4519,0.8399687974624276,551,8.201451905626135,0.00962611357672133,0.0006795370214453342,3.07014826289002
