Threshold,Method,Run,Model,Accuracy,Confusion_Matrix,Cohen_Kappa,Num_Edges,Num_Nodes,Modularity,Num_Communities,Avg_Community_Size,Avg_Clustering,Graph_Density,Avg_Degree
0.0,stratified,0,GraphSAGE,0.625,"[[634, 150, 77, 43], [111, 252, 91, 52], [21, 40, 120, 63], [11, 26, 41, 204]]",0.46486758143855755,207878,9678,0.8278514746666374,724,13.367403314917127,0.550568384628721,0.004439276201383206,42.958875800785286
0.0,stratified,0,GCN,0.6492768595041323,"[[640, 167, 64, 33], [85, 280, 90, 51], [14, 39, 132, 59], [9, 21, 47, 205]]",0.5013061585584683,207878,9678,0.8278514746666374,724,13.367403314917127,0.550568384628721,0.004439276201383206,42.958875800785286
0.0,stratified,0,GAT,0.6317148760330579,"[[612, 245, 34, 13], [108, 282, 83, 33], [19, 59, 128, 38], [7, 22, 52, 201]]",0.4717762642802421,207878,9678,0.8278514746666374,724,13.367403314917127,0.550568384628721,0.004439276201383206,42.958875800785286
