Threshold,Method,Run,Model,Accuracy,Confusion_Matrix,Cohen_Kappa,Num_Edges,Num_Nodes,Modularity,Num_Communities,Avg_Community_Size,Avg_Clustering,Graph_Density,Avg_Degree
0.1,blackhole,6,GraphSAGE,0.6083815028901735,"[[654, 162, 95, 48], [105, 254, 138, 42], [23, 28, 167, 53], [12, 24, 83, 188]]",0.4490776767481577,274041,10273,0.8470287737850271,576,17.835069444444443,0.6079394153548467,0.005193895894418815,53.351698627470064
0.1,blackhole,6,GCN,0.5746628131021194,"[[599, 174, 135, 51], [101, 224, 163, 51], [15, 32, 174, 50], [12, 13, 86, 196]]",0.41166434299007115,274041,10273,0.8470287737850271,576,17.835069444444443,0.6079394153548467,0.005193895894418815,53.351698627470064
0.1,blackhole,6,GAT,0.6127167630057804,"[[635, 231, 61, 32], [95, 278, 126, 40], [16, 34, 149, 72], [12, 12, 73, 210]]",0.45528739713438315,274041,10273,0.8470287737850271,576,17.835069444444443,0.6079394153548467,0.005193895894418815,53.351698627470064
