Threshold,Method,Run,Model,Accuracy,Confusion_Matrix,Cohen_Kappa,Num_Edges,Num_Nodes,Modularity,Num_Communities,Avg_Community_Size,Avg_Clustering,Graph_Density,Avg_Degree
0.8,stratified,4,GraphSAGE,0.5736714975845411,"[[204, 58, 29, 19], [32, 112, 48, 33], [11, 22, 73, 24], [10, 30, 37, 86]]",0.4215038951168535,6584,4139,0.8400712931769465,547,7.56672760511883,0.01781157869602191,0.0007688363444727801,3.1814447934283643
0.8,stratified,4,GCN,0.5398550724637681,"[[188, 70, 27, 25], [48, 107, 36, 34], [22, 27, 46, 35], [7, 16, 34, 106]]",0.37250767786388306,6584,4139,0.8400712931769465,547,7.56672760511883,0.01781157869602191,0.0007688363444727801,3.1814447934283643
0.8,stratified,4,GAT,0.6099033816425121,"[[226, 62, 9, 13], [36, 113, 43, 33], [9, 32, 54, 35], [4, 16, 31, 112]]",0.46606240891213635,6584,4139,0.8400712931769465,547,7.56672760511883,0.01781157869602191,0.0007688363444727801,3.1814447934283643
