Threshold,Method,Run,Model,Accuracy,Confusion_Matrix,Cohen_Kappa,Num_Edges,Num_Nodes,Modularity,Num_Communities,Avg_Community_Size,Avg_Clustering,Graph_Density,Avg_Degree
0.9,random,3,GraphSAGE,0.5319148936170213,"[[59, 15, 9, 9], [8, 41, 13, 12], [7, 11, 22, 12], [3, 16, 17, 28]]",0.3714497990611597,935,1406,0.9876087674554944,476,2.953781512605042,0.0010447614181182008,0.0009466293414598341,1.330014224751067
0.9,random,3,GCN,0.48936170212765956,"[[52, 19, 13, 8], [17, 30, 10, 17], [5, 4, 18, 25], [5, 6, 15, 38]]",0.3157415832575069,935,1406,0.9876087674554944,476,2.953781512605042,0.0010447614181182008,0.0009466293414598341,1.330014224751067
0.9,random,3,GAT,0.6028368794326241,"[[61, 17, 8, 6], [15, 40, 14, 5], [7, 9, 24, 12], [1, 4, 14, 45]]",0.46598133369403494,935,1406,0.9876087674554944,476,2.953781512605042,0.0010447614181182008,0.0009466293414598341,1.330014224751067
