Threshold,Method,Run,Model,Accuracy,Confusion_Matrix,Cohen_Kappa,Num_Edges,Num_Nodes,Modularity,Num_Communities,Avg_Community_Size,Avg_Clustering,Graph_Density,Avg_Degree
0.4,blackhole,0,GraphSAGE,0.5823195458231955,"[[341, 96, 58, 39], [68, 164, 72, 23], [19, 29, 79, 39], [10, 13, 49, 134]]",0.4208390147801223,102741,6233,0.8742704568968535,521,11.963531669865644,0.6190196982558558,0.005289921320265834,32.96678966789668
0.4,blackhole,0,GCN,0.5312246553122466,"[[314, 95, 67, 58], [73, 125, 99, 30], [12, 17, 101, 36], [14, 9, 68, 115]]",0.3605213641392566,102741,6233,0.8742704568968535,521,11.963531669865644,0.6190196982558558,0.005289921320265834,32.96678966789668
0.4,blackhole,0,GAT,0.6374695863746959,"[[425, 66, 24, 19], [89, 150, 70, 18], [13, 17, 92, 44], [18, 7, 62, 119]]",0.48413953057390835,102741,6233,0.8742704568968535,521,11.963531669865644,0.6190196982558558,0.005289921320265834,32.96678966789668
