Threshold,Method,Run,Model,Accuracy,Confusion_Matrix,Cohen_Kappa,Num_Edges,Num_Nodes,Modularity,Num_Communities,Avg_Community_Size,Avg_Clustering,Graph_Density,Avg_Degree
0.7,blackhole,2,GraphSAGE,0.5948616600790514,"[[127, 28, 26, 18], [30, 69, 26, 13], [2, 18, 48, 14], [4, 11, 15, 57]]",0.44797160297381144,15895,2455,0.9328643918137947,353,6.954674220963173,0.6152190437401099,0.005276725143869189,12.94908350305499
0.7,blackhole,2,GCN,0.5217391304347826,"[[114, 50, 21, 14], [30, 62, 32, 14], [5, 21, 40, 16], [4, 15, 20, 48]]",0.348295590622422,15895,2455,0.9328643918137947,353,6.954674220963173,0.6152190437401099,0.005276725143869189,12.94908350305499
0.7,blackhole,2,GAT,0.5869565217391305,"[[129, 41, 25, 4], [26, 62, 32, 18], [4, 14, 43, 21], [2, 3, 19, 63]]",0.438842812949373,15895,2455,0.9328643918137947,353,6.954674220963173,0.6152190437401099,0.005276725143869189,12.94908350305499
