Threshold,Method,Run,Model,Accuracy,Confusion_Matrix,Cohen_Kappa,Num_Edges,Num_Nodes,Modularity,Num_Communities,Avg_Community_Size,Avg_Clustering,Graph_Density,Avg_Degree
0.06,random,7,GraphSAGE,0.5959752321981424,"[[574, 230, 70, 29], [92, 289, 92, 35], [16, 75, 118, 36], [8, 39, 61, 174]]",0.4274616217872266,218913,9686,0.8311688515886049,702,13.797720797720798,0.5603268644027207,0.004667211248910151,45.201940945694815
0.06,random,7,GCN,0.6403508771929824,"[[656, 129, 80, 38], [99, 257, 116, 36], [17, 51, 129, 48], [7, 21, 55, 199]]",0.4875857367700497,218913,9686,0.8311688515886049,702,13.797720797720798,0.5603268644027207,0.004667211248910151,45.201940945694815
0.06,random,7,GAT,0.628482972136223,"[[631, 204, 49, 19], [141, 268, 74, 25], [17, 47, 123, 58], [5, 17, 64, 196]]",0.4646794967213844,218913,9686,0.8311688515886049,702,13.797720797720798,0.5603268644027207,0.004667211248910151,45.201940945694815
