Threshold,Method,Run,Model,Accuracy,Confusion_Matrix,Cohen_Kappa,Num_Edges,Num_Nodes,Modularity,Num_Communities,Avg_Community_Size,Avg_Clustering,Graph_Density,Avg_Degree
0.8,random,4,GraphSAGE,0.5816554809843401,"[[218, 50, 34, 26], [55, 117, 54, 27], [12, 28, 69, 33], [4, 16, 35, 116]]",0.4325784252997429,6764,4470,0.8381706368210544,554,8.068592057761732,0.009462484901867145,0.0006771980779348462,3.026398210290828
0.8,random,4,GCN,0.4888143176733781,"[[170, 73, 52, 33], [65, 90, 62, 36], [12, 19, 66, 45], [12, 13, 35, 111]]",0.3144355845515685,6764,4470,0.8381706368210544,554,8.068592057761732,0.009462484901867145,0.0006771980779348462,3.026398210290828
0.8,random,4,GAT,0.5615212527964206,"[[195, 86, 30, 17], [55, 124, 51, 23], [9, 34, 63, 36], [5, 10, 36, 120]]",0.4053208350161037,6764,4470,0.8381706368210544,554,8.068592057761732,0.009462484901867145,0.0006771980779348462,3.026398210290828
