Threshold,Method,Run,Model,Accuracy,Confusion_Matrix,Cohen_Kappa,Num_Edges,Num_Nodes,Modularity,Num_Communities,Avg_Community_Size,Avg_Clustering,Graph_Density,Avg_Degree
0.9,random,0,GraphSAGE,0.5461538461538461,"[[60, 11, 6, 7], [13, 29, 15, 11], [8, 9, 16, 15], [5, 7, 11, 37]]",0.3871844039629275,835,1296,0.9904297127639983,463,2.799136069114471,0.0,0.0009950426617093284,1.2885802469135803
0.9,random,0,GCN,0.5076923076923077,"[[50, 14, 12, 8], [14, 30, 14, 10], [5, 7, 19, 17], [2, 9, 16, 33]]",0.34161588984727387,835,1296,0.9904297127639983,463,2.799136069114471,0.0,0.0009950426617093284,1.2885802469135803
0.9,random,0,GAT,0.6153846153846154,"[[60, 17, 5, 2], [12, 39, 14, 3], [2, 11, 24, 11], [0, 7, 16, 37]]",0.48351211760031787,835,1296,0.9904297127639983,463,2.799136069114471,0.0,0.0009950426617093284,1.2885802469135803
