Threshold,Method,Run,Model,Accuracy,Confusion_Matrix,Cohen_Kappa,Num_Edges,Num_Nodes,Modularity,Num_Communities,Avg_Community_Size,Avg_Clustering,Graph_Density,Avg_Degree
0.7,random,7,GraphSAGE,0.5824175824175825,"[[319, 130, 38, 20], [43, 211, 53, 50], [13, 55, 66, 53], [13, 26, 38, 146]]",0.42525698450037064,19438,6366,0.8351352525825017,511,12.457925636007827,0.035283227038199055,0.0009594371512643637,6.106817467797675
0.7,random,7,GCN,0.4811616954474097,"[[256, 137, 88, 26], [58, 157, 93, 49], [19, 37, 86, 45], [13, 32, 64, 114]]",0.3005604725644194,19438,6366,0.8351352525825017,511,12.457925636007827,0.035283227038199055,0.0009594371512643637,6.106817467797675
0.7,random,7,GAT,0.5918367346938775,"[[357, 93, 38, 19], [64, 174, 67, 52], [22, 25, 78, 62], [12, 22, 44, 145]]",0.43659480375898285,19438,6366,0.8351352525825017,511,12.457925636007827,0.035283227038199055,0.0009594371512643637,6.106817467797675
