Threshold,Method,Run,Model,Accuracy,Confusion_Matrix,Cohen_Kappa,Num_Edges,Num_Nodes,Modularity,Num_Communities,Avg_Community_Size,Avg_Clustering,Graph_Density,Avg_Degree
0.0,stratified,5,GraphSAGE,0.5613036730470771,"[[533, 193, 131, 44], [85, 240, 123, 58], [20, 34, 138, 53], [10, 21, 76, 174]]",0.39258075656895197,207675,9663,0.8276193076828259,718,13.458217270194986,0.5504073903340456,0.004448721329204029,42.98354548276933
0.0,stratified,5,GCN,0.5545783755819969,"[[531, 167, 125, 78], [86, 238, 105, 77], [18, 45, 112, 70], [5, 28, 57, 191]]",0.3843470830420259,207675,9663,0.8276193076828259,718,13.458217270194986,0.5504073903340456,0.004448721329204029,42.98354548276933
0.0,stratified,5,GAT,0.6337299534402483,"[[680, 113, 62, 46], [124, 225, 98, 59], [19, 40, 119, 67], [3, 18, 59, 201]]",0.47449106542193886,207675,9663,0.8276193076828259,718,13.458217270194986,0.5504073903340456,0.004448721329204029,42.98354548276933
