Threshold,Method,Run,Model,Accuracy,Confusion_Matrix,Cohen_Kappa,Num_Edges,Num_Nodes,Modularity,Num_Communities,Avg_Community_Size,Avg_Clustering,Graph_Density,Avg_Degree
0.5,stratified,4,GraphSAGE,0.6070544554455446,"[[470, 147, 46, 48], [72, 236, 59, 64], [16, 45, 88, 66], [8, 33, 31, 187]]",0.45055910012829004,62173,8080,0.8191240986361991,611,13.224222585924714,0.18422485190588173,0.001904859071128056,15.389356435643565
0.5,stratified,4,GCN,0.5525990099009901,"[[430, 130, 99, 52], [75, 198, 85, 73], [25, 36, 89, 65], [7, 30, 46, 176]]",0.38392032296030065,62173,8080,0.8191240986361991,611,13.224222585924714,0.18422485190588173,0.001904859071128056,15.389356435643565
0.5,stratified,4,GAT,0.6058168316831684,"[[508, 104, 55, 44], [89, 177, 100, 65], [14, 28, 110, 63], [5, 15, 55, 184]]",0.45035539760106624,62173,8080,0.8191240986361991,611,13.224222585924714,0.18422485190588173,0.001904859071128056,15.389356435643565
