Threshold,Method,Run,Model,Accuracy,Confusion_Matrix,Cohen_Kappa,Num_Edges,Num_Nodes,Modularity,Num_Communities,Avg_Community_Size,Avg_Clustering,Graph_Density,Avg_Degree
0.7,random,3,GraphSAGE,0.5789473684210527,"[[304, 106, 52, 34], [46, 192, 66, 48], [13, 46, 79, 47], [10, 15, 45, 151]]",0.42648961879271374,18340,6267,0.835251992982935,508,12.336614173228346,0.03207126563994608,0.0009340696083543919,5.85288016594862
0.7,random,3,GCN,0.5191387559808612,"[[279, 106, 70, 41], [62, 144, 94, 52], [18, 30, 74, 63], [10, 20, 37, 154]]",0.35065912012551237,18340,6267,0.835251992982935,508,12.336614173228346,0.03207126563994608,0.0009340696083543919,5.85288016594862
0.7,random,3,GAT,0.5725677830940988,"[[300, 141, 30, 25], [62, 183, 58, 49], [13, 44, 70, 58], [7, 15, 34, 165]]",0.4140345279411649,18340,6267,0.835251992982935,508,12.336614173228346,0.03207126563994608,0.0009340696083543919,5.85288016594862
