Threshold,Method,Run,Model,Accuracy,Confusion_Matrix,Cohen_Kappa,Num_Edges,Num_Nodes,Modularity,Num_Communities,Avg_Community_Size,Avg_Clustering,Graph_Density,Avg_Degree
0.06,blackhole,7,GraphSAGE,0.6123388581952118,"[[674, 183, 79, 59], [114, 284, 116, 54], [25, 40, 154, 66], [14, 34, 58, 218]]",0.4529078547137616,311112,10707,0.8387475728641427,566,18.91696113074205,0.6138047718302967,0.005428148454605025,58.113757355001404
0.06,blackhole,7,GCN,0.5994475138121547,"[[645, 169, 121, 60], [98, 272, 139, 59], [17, 37, 155, 76], [11, 21, 62, 230]]",0.443136334997563,311112,10707,0.8387475728641427,566,18.91696113074205,0.6138047718302967,0.005428148454605025,58.113757355001404
0.06,blackhole,7,GAT,0.6270718232044199,"[[665, 257, 37, 36], [147, 314, 77, 30], [17, 45, 165, 58], [10, 14, 82, 218]]",0.4686833898780097,311112,10707,0.8387475728641427,566,18.91696113074205,0.6138047718302967,0.005428148454605025,58.113757355001404
