Threshold,Method,Run,Model,Accuracy,Confusion_Matrix,Cohen_Kappa,Num_Edges,Num_Nodes,Modularity,Num_Communities,Avg_Community_Size,Avg_Clustering,Graph_Density,Avg_Degree
0.0,blackhole,5,GraphSAGE,0.6244979919678715,"[[823, 201, 111, 38], [143, 341, 129, 39], [34, 55, 162, 58], [18, 31, 78, 229]]",0.46090492670585503,358178,12428,0.8342644315071469,842,14.760095011876485,0.5918435151012705,0.00463832696691841,57.64048921789507
0.0,blackhole,5,GCN,0.6036144578313253,"[[794, 164, 132, 83], [127, 292, 150, 83], [17, 40, 141, 111], [10, 16, 54, 276]]",0.4427156757658881,358178,12428,0.8342644315071469,842,14.760095011876485,0.5918435151012705,0.00463832696691841,57.64048921789507
0.0,blackhole,5,GAT,0.6333333333333333,"[[871, 215, 61, 26], [156, 318, 135, 43], [28, 31, 187, 63], [12, 25, 118, 201]]",0.470215729025775,358178,12428,0.8342644315071469,842,14.760095011876485,0.5918435151012705,0.00463832696691841,57.64048921789507
