Threshold,Method,Run,Model,Accuracy,Confusion_Matrix,Cohen_Kappa,Num_Edges,Num_Nodes,Modularity,Num_Communities,Avg_Community_Size,Avg_Clustering,Graph_Density,Avg_Degree
0.03,random,1,GraphSAGE,0.5985589294904786,"[[624, 144, 96, 43], [126, 216, 109, 58], [19, 44, 138, 44], [10, 20, 67, 185]]",0.4301131470987489,226795,9713,0.8311612402449942,714,13.603641456582633,0.5814972142616509,0.004808409083700558,46.69926902089983
0.03,random,1,GCN,0.6150283067421514,"[[607, 157, 88, 55], [104, 259, 92, 54], [9, 49, 129, 58], [10, 21, 51, 200]]",0.4564976023448891,226795,9713,0.8311612402449942,714,13.603641456582633,0.5814972142616509,0.004808409083700558,46.69926902089983
0.03,random,1,GAT,0.6196603190941843,"[[587, 219, 81, 20], [112, 261, 92, 44], [19, 47, 131, 48], [13, 14, 30, 225]]",0.46019641360767427,226795,9713,0.8311612402449942,714,13.603641456582633,0.5814972142616509,0.004808409083700558,46.69926902089983
