Threshold,Method,Run,Model,Accuracy,Confusion_Matrix,Cohen_Kappa,Num_Edges,Num_Nodes,Modularity,Num_Communities,Avg_Community_Size,Avg_Clustering,Graph_Density,Avg_Degree
0.6,blackhole,6,GraphSAGE,0.5919463087248322,"[[204, 56, 38, 15], [36, 104, 47, 17], [6, 26, 52, 22], [8, 18, 15, 81]]",0.4356693452937145,38430,3684,0.9109392220290341,409,9.007334963325183,0.6305979861043318,0.005664727717189906,20.863192182410423
0.6,blackhole,6,GCN,0.5234899328859061,"[[190, 59, 41, 23], [49, 75, 51, 29], [2, 23, 47, 34], [9, 11, 24, 78]]",0.3473250135112791,38430,3684,0.9109392220290341,409,9.007334963325183,0.6305979861043318,0.005664727717189906,20.863192182410423
0.6,blackhole,6,GAT,0.5798657718120805,"[[209, 58, 30, 16], [40, 101, 44, 19], [2, 27, 44, 33], [6, 13, 25, 78]]",0.4185173732849897,38430,3684,0.9109392220290341,409,9.007334963325183,0.6305979861043318,0.005664727717189906,20.863192182410423
