Threshold,Method,Run,Model,Accuracy,Confusion_Matrix,Cohen_Kappa,Num_Edges,Num_Nodes,Modularity,Num_Communities,Avg_Community_Size,Avg_Clustering,Graph_Density,Avg_Degree
0.95,random,4,GraphSAGE,0.5510204081632653,"[[7, 4, 0, 4], [2, 9, 0, 2], [1, 2, 3, 3], [1, 1, 2, 8]]",0.39404159640247327,124,241,0.9909999234913238,117,2.0598290598290596,0.0,0.004287690179806363,1.0290456431535269
0.95,random,4,GCN,0.4489795918367347,"[[8, 5, 1, 1], [4, 6, 1, 2], [3, 2, 3, 1], [2, 2, 3, 5]]",0.25296442687747045,124,241,0.9909999234913238,117,2.0598290598290596,0.0,0.004287690179806363,1.0290456431535269
0.95,random,4,GAT,0.40816326530612246,"[[8, 4, 0, 3], [5, 4, 2, 2], [3, 2, 3, 1], [1, 2, 4, 5]]",0.20033764772087792,124,241,0.9909999234913238,117,2.0598290598290596,0.0,0.004287690179806363,1.0290456431535269
