Threshold,Method,Run,Model,Accuracy,Confusion_Matrix,Cohen_Kappa,Num_Edges,Num_Nodes,Modularity,Num_Communities,Avg_Community_Size,Avg_Clustering,Graph_Density,Avg_Degree
0.06,stratified,6,GraphSAGE,0.5920709441836203,"[[585, 185, 85, 35], [107, 264, 78, 54], [26, 58, 102, 58], [8, 30, 58, 184]]",0.4205607259891787,192120,9583,0.8275019541077738,710,13.497183098591549,0.513936085619763,0.004184512976335482,40.096003339246586
0.06,stratified,6,GCN,0.5701617110067815,"[[562, 213, 47, 68], [103, 258, 62, 80], [25, 73, 72, 74], [12, 35, 32, 201]]",0.38974988989592263,192120,9583,0.8275019541077738,710,13.497183098591549,0.513936085619763,0.004184512976335482,40.096003339246586
0.06,stratified,6,GAT,0.5805946791862285,"[[612, 133, 92, 53], [118, 198, 118, 69], [20, 39, 115, 70], [10, 17, 65, 188]]",0.407721264681424,192120,9583,0.8275019541077738,710,13.497183098591549,0.513936085619763,0.004184512976335482,40.096003339246586
