Threshold,Method,Run,Model,Accuracy,Confusion_Matrix,Cohen_Kappa,Num_Edges,Num_Nodes,Modularity,Num_Communities,Avg_Community_Size,Avg_Clustering,Graph_Density,Avg_Degree
0.0,random,1,GraphSAGE,0.6067588325652842,"[[635, 106, 131, 42], [121, 224, 122, 44], [17, 35, 140, 53], [6, 17, 74, 186]]",0.4446056836767679,235932,9764,0.831049135660136,729,13.39368998628258,0.6048920745858652,0.0049500066781408445,48.326915198689065
0.0,random,1,GCN,0.6287762416794674,"[[640, 149, 99, 26], [106, 258, 108, 39], [9, 41, 151, 44], [9, 23, 72, 179]]",0.4733162524020059,235932,9764,0.831049135660136,729,13.39368998628258,0.6048920745858652,0.0049500066781408445,48.326915198689065
0.0,random,1,GAT,0.6390168970814132,"[[693, 118, 75, 28], [120, 211, 131, 49], [9, 26, 140, 70], [8, 15, 56, 204]]",0.4840682490624635,235932,9764,0.831049135660136,729,13.39368998628258,0.6048920745858652,0.0049500066781408445,48.326915198689065
