Threshold,Method,Run,Model,Accuracy,Confusion_Matrix,Cohen_Kappa,Num_Edges,Num_Nodes,Modularity,Num_Communities,Avg_Community_Size,Avg_Clustering,Graph_Density,Avg_Degree
0.8,stratified,0,GraphSAGE,0.600715137067938,"[[208, 60, 32, 13], [40, 122, 43, 25], [10, 16, 68, 38], [10, 25, 23, 106]]",0.456340294823661,6770,4191,0.8403940913206551,540,7.761111111111111,0.018800308905441723,0.0007710578811625548,3.2307325220711047
0.8,stratified,0,GCN,0.5256257449344458,"[[198, 51, 36, 28], [53, 87, 59, 31], [13, 20, 58, 41], [7, 18, 41, 98]]",0.35850600724634896,6770,4191,0.8403940913206551,540,7.761111111111111,0.018800308905441723,0.0007710578811625548,3.2307325220711047
0.8,stratified,0,GAT,0.5983313468414779,"[[231, 46, 31, 5], [49, 106, 47, 28], [10, 21, 60, 41], [8, 21, 30, 105]]",0.4504455825615409,6770,4191,0.8403940913206551,540,7.761111111111111,0.018800308905441723,0.0007710578811625548,3.2307325220711047
