Threshold,Method,Run,Model,Accuracy,Confusion_Matrix,Cohen_Kappa,Num_Edges,Num_Nodes,Modularity,Num_Communities,Avg_Community_Size,Avg_Clustering,Graph_Density,Avg_Degree
0.1,blackhole,9,GraphSAGE,0.5956834532374101,"[[617, 189, 95, 53], [93, 289, 123, 53], [20, 50, 141, 54], [14, 21, 78, 195]]",0.43410286410458343,271900,10273,0.848741783967195,576,17.835069444444443,0.611647172715752,0.005153317546252115,52.93487783510172
0.1,blackhole,9,GCN,0.5932853717026378,"[[629, 148, 111, 66], [96, 249, 134, 79], [13, 39, 126, 87], [9, 18, 48, 233]]",0.4345762711864407,271900,10273,0.848741783967195,576,17.835069444444443,0.611647172715752,0.005153317546252115,52.93487783510172
0.1,blackhole,9,GAT,0.5860911270983213,"[[553, 324, 50, 27], [96, 323, 106, 33], [14, 46, 143, 62], [7, 10, 88, 203]]",0.42200836717937906,271900,10273,0.848741783967195,576,17.835069444444443,0.611647172715752,0.005153317546252115,52.93487783510172
