Threshold,Method,Run,Model,Accuracy,Confusion_Matrix,Cohen_Kappa,Num_Edges,Num_Nodes,Modularity,Num_Communities,Avg_Community_Size,Avg_Clustering,Graph_Density,Avg_Degree
0.4,stratified,7,GraphSAGE,0.567318757192175,"[[503, 158, 83, 38], [90, 224, 95, 51], [19, 62, 90, 58], [16, 26, 56, 169]]",0.3934526958668634,90841,8689,0.822443943880392,639,13.597809076682315,0.25043683742539974,0.0024067018543587316,20.90942571066866
0.4,stratified,7,GCN,0.5189873417721519,"[[430, 159, 140, 53], [82, 195, 119, 64], [22, 46, 111, 50], [10, 23, 68, 166]]",0.34297741339026144,90841,8689,0.822443943880392,639,13.597809076682315,0.25043683742539974,0.0024067018543587316,20.90942571066866
0.4,stratified,7,GAT,0.6098964326812428,"[[532, 189, 40, 21], [117, 234, 63, 46], [24, 52, 105, 48], [5, 20, 53, 189]]",0.4446423361929974,90841,8689,0.822443943880392,639,13.597809076682315,0.25043683742539974,0.0024067018543587316,20.90942571066866
