Threshold,Method,Run,Model,Accuracy,Confusion_Matrix,Cohen_Kappa,Num_Edges,Num_Nodes,Modularity,Num_Communities,Avg_Community_Size,Avg_Clustering,Graph_Density,Avg_Degree
0.9,blackhole,4,GraphSAGE,0.8157894736842105,"[[0, 2, 0, 0], [0, 4, 4, 0], [0, 1, 9, 0], [0, 0, 0, 18]]",0.7152034261241971,937,204,0.3781453745585263,57,3.5789473684210527,0.4301628440405761,0.04525258379213754,9.186274509803921
0.9,blackhole,4,GCN,0.8947368421052632,"[[1, 1, 0, 0], [0, 6, 2, 0], [0, 1, 9, 0], [0, 0, 0, 18]]",0.8389830508474576,937,204,0.3781453745585263,57,3.5789473684210527,0.4301628440405761,0.04525258379213754,9.186274509803921
0.9,blackhole,4,GAT,0.868421052631579,"[[0, 2, 0, 0], [0, 6, 2, 0], [0, 1, 9, 0], [0, 0, 0, 18]]",0.7974413646055437,937,204,0.3781453745585263,57,3.5789473684210527,0.4301628440405761,0.04525258379213754,9.186274509803921
