Threshold,Method,Run,Model,Accuracy,Confusion_Matrix,Cohen_Kappa,Num_Edges,Num_Nodes,Modularity,Num_Communities,Avg_Community_Size,Avg_Clustering,Graph_Density,Avg_Degree
0.3,blackhole,9,GraphSAGE,0.5764854614412137,"[[449, 152, 46, 58], [92, 220, 61, 51], [24, 51, 73, 62], [10, 29, 34, 170]]",0.4038240663975098,162222,7771,0.859050064120134,639,12.161189358372457,0.5979558021287741,0.005373309040790703,41.75061124694376
0.3,blackhole,9,GCN,0.5139064475347661,"[[386, 148, 107, 64], [65, 162, 130, 67], [20, 24, 93, 73], [11, 10, 50, 172]]",0.340936892230848,162222,7771,0.859050064120134,639,12.161189358372457,0.5979558021287741,0.005373309040790703,41.75061124694376
0.3,blackhole,9,GAT,0.6175726927939317,"[[486, 139, 64, 16], [99, 222, 85, 18], [26, 46, 96, 42], [8, 15, 47, 173]]",0.45790434159089344,162222,7771,0.859050064120134,639,12.161189358372457,0.5979558021287741,0.005373309040790703,41.75061124694376
