Threshold,Method,Run,Model,Accuracy,Confusion_Matrix,Cohen_Kappa,Num_Edges,Num_Nodes,Modularity,Num_Communities,Avg_Community_Size,Avg_Clustering,Graph_Density,Avg_Degree
0.2,blackhole,3,GraphSAGE,0.5907873594001071,"[[558, 158, 72, 53], [106, 232, 101, 58], [18, 40, 128, 60], [15, 27, 56, 185]]",0.42572649390272144,216625,9094,0.8512028984777908,609,14.932676518883415,0.6145907279412458,0.005239338167528264,47.641301957334505
0.2,blackhole,3,GCN,0.5291912158543117,"[[479, 170, 118, 74], [85, 218, 129, 65], [21, 39, 108, 78], [17, 22, 61, 183]]",0.35408297969314184,216625,9094,0.8512028984777908,609,14.932676518883415,0.6145907279412458,0.005239338167528264,47.641301957334505
0.2,blackhole,3,GAT,0.5881092662024638,"[[526, 176, 95, 44], [80, 254, 107, 56], [13, 26, 111, 96], [10, 12, 54, 207]]",0.43021732513206545,216625,9094,0.8512028984777908,609,14.932676518883415,0.6145907279412458,0.005239338167528264,47.641301957334505
