Threshold,Method,Run,Model,Accuracy,Confusion_Matrix,Cohen_Kappa,Num_Edges,Num_Nodes,Modularity,Num_Communities,Avg_Community_Size,Avg_Clustering,Graph_Density,Avg_Degree
0.2,random,0,GraphSAGE,0.5842577918647649,"[[555, 192, 83, 43], [94, 251, 87, 65], [16, 69, 101, 57], [13, 30, 38, 199]]",0.4146604515054766,175370,9461,0.8314003983764964,650,14.555384615384616,0.4427248427116987,0.003918836268531345,37.07219110030652
0.2,random,0,GCN,0.5425250924458531,"[[512, 201, 99, 61], [95, 212, 121, 69], [15, 58, 118, 52], [12, 29, 54, 185]]",0.36544645127776765,175370,9461,0.8314003983764964,650,14.555384615384616,0.4427248427116987,0.003918836268531345,37.07219110030652
0.2,random,0,GAT,0.6259904912836767,"[[607, 199, 50, 17], [119, 262, 89, 27], [17, 75, 111, 40], [9, 22, 44, 205]]",0.46331526690199076,175370,9461,0.8314003983764964,650,14.555384615384616,0.4427248427116987,0.003918836268531345,37.07219110030652
