Threshold,Method,Run,Model,Accuracy,Confusion_Matrix,Cohen_Kappa,Num_Edges,Num_Nodes,Modularity,Num_Communities,Avg_Community_Size,Avg_Clustering,Graph_Density,Avg_Degree
0.8,blackhole,6,GraphSAGE,0.6486486486486487,"[[60, 23, 9, 3], [4, 56, 15, 5], [4, 8, 21, 8], [3, 2, 7, 31]]",0.5196176344699672,6946,1231,0.8398592022368963,245,5.024489795918368,0.6451034892659042,0.009174905721437393,11.285134037367994
0.8,blackhole,6,GCN,0.6023166023166023,"[[52, 33, 7, 3], [11, 53, 11, 5], [2, 11, 24, 4], [1, 2, 13, 27]]",0.4551155048101473,6946,1231,0.8398592022368963,245,5.024489795918368,0.6451034892659042,0.009174905721437393,11.285134037367994
0.8,blackhole,6,GAT,0.6216216216216216,"[[53, 33, 7, 2], [8, 54, 12, 6], [3, 11, 20, 7], [0, 1, 8, 34]]",0.48249638102228476,6946,1231,0.8398592022368963,245,5.024489795918368,0.6451034892659042,0.009174905721437393,11.285134037367994
