Threshold,Method,Run,Model,Accuracy,Confusion_Matrix,Cohen_Kappa,Num_Edges,Num_Nodes,Modularity,Num_Communities,Avg_Community_Size,Avg_Clustering,Graph_Density,Avg_Degree
0.8,blackhole,1,GraphSAGE,0.6043956043956044,"[[52, 38, 6, 3], [10, 56, 14, 2], [4, 10, 28, 7], [1, 3, 10, 29]]",0.459177871122769,7326,1318,0.8532222902269115,271,4.863468634686347,0.665211087399182,0.008441035461336116,11.116843702579667
0.8,blackhole,1,GCN,0.6043956043956044,"[[60, 20, 11, 8], [13, 47, 16, 6], [3, 8, 24, 14], [2, 2, 5, 34]]",0.4647350362180709,7326,1318,0.8532222902269115,271,4.863468634686347,0.665211087399182,0.008441035461336116,11.116843702579667
0.8,blackhole,1,GAT,0.6886446886446886,"[[73, 13, 10, 3], [9, 54, 16, 3], [1, 12, 29, 7], [1, 3, 7, 32]]",0.5743451463790447,7326,1318,0.8532222902269115,271,4.863468634686347,0.665211087399182,0.008441035461336116,11.116843702579667
