Threshold,Method,Run,Model,Accuracy,Confusion_Matrix,Cohen_Kappa,Num_Edges,Num_Nodes,Modularity,Num_Communities,Avg_Community_Size,Avg_Clustering,Graph_Density,Avg_Degree
0.06,stratified,1,GraphSAGE,0.5771847200418629,"[[578, 143, 106, 59], [96, 212, 142, 52], [14, 35, 120, 74], [11, 14, 62, 193]]",0.4105339669986551,189016,9552,0.8275413940343959,693,13.783549783549784,0.5056931087561154,0.0041436723280661855,39.57621440536013
0.06,stratified,1,GCN,0.608058608058608,"[[608, 150, 93, 35], [79, 241, 130, 52], [16, 39, 126, 62], [5, 17, 71, 187]]",0.4503515419344656,189016,9552,0.8275413940343959,693,13.783549783549784,0.5056931087561154,0.0041436723280661855,39.57621440536013
0.06,stratified,1,GAT,0.6279434850863422,"[[603, 202, 48, 33], [88, 267, 104, 43], [14, 38, 132, 59], [6, 21, 55, 198]]",0.47362958692938684,189016,9552,0.8275413940343959,693,13.783549783549784,0.5056931087561154,0.0041436723280661855,39.57621440536013
