Threshold,Method,Run,Model,Accuracy,Confusion_Matrix,Cohen_Kappa,Num_Edges,Num_Nodes,Modularity,Num_Communities,Avg_Community_Size,Avg_Clustering,Graph_Density,Avg_Degree
0.3,blackhole,5,GraphSAGE,0.6148477157360406,"[[474, 144, 40, 39], [85, 229, 72, 37], [16, 46, 104, 52], [11, 23, 42, 162]]",0.45741601176107594,158361,7761,0.8565408938312764,635,12.222047244094489,0.5968539255816494,0.005258947393589677,40.80943177425589
0.3,blackhole,5,GCN,0.618020304568528,"[[461, 151, 52, 33], [62, 235, 87, 39], [15, 35, 124, 44], [7, 26, 51, 154]]",0.4676267228096007,158361,7761,0.8565408938312764,635,12.222047244094489,0.5968539255816494,0.005258947393589677,40.80943177425589
0.3,blackhole,5,GAT,0.6110406091370558,"[[472, 140, 62, 23], [101, 199, 102, 21], [19, 30, 125, 44], [11, 10, 50, 167]]",0.4537481001664616,158361,7761,0.8565408938312764,635,12.222047244094489,0.5968539255816494,0.005258947393589677,40.80943177425589
