Threshold,Method,Run,Accuracy,Confusion_Matrix,Cohen_Kappa,Num_Edges,Num_Nodes,Modularity
0.9,random,2,0.5117056856187291,"[[64, 20, 11, 4], [15, 32, 18, 13], [4, 18, 22, 10], [4, 12, 17, 35]]",0.3435883555876338,1026,1494,0.9814050694100697
