Threshold,Method,Run,Model,Accuracy,Confusion_Matrix,Cohen_Kappa,Num_Edges,Num_Nodes,Modularity,Num_Communities,Avg_Community_Size,Avg_Clustering,Graph_Density,Avg_Degree
0.6,stratified,7,GraphSAGE,0.5851498637602179,"[[388, 138, 65, 31], [80, 204, 82, 34], [13, 49, 100, 40], [10, 23, 44, 167]]",0.4265007005065202,39252,7336,0.8227476003943012,571,12.847635726795096,0.122608558175721,0.00145892291258282,10.701199563794983
0.6,stratified,7,GCN,0.5415531335149864,"[[375, 119, 78, 50], [82, 181, 84, 53], [23, 45, 80, 54], [11, 25, 49, 159]]",0.3690098458488533,39252,7336,0.8227476003943012,571,12.847635726795096,0.122608558175721,0.00145892291258282,10.701199563794983
0.6,stratified,7,GAT,0.5742506811989101,"[[360, 171, 76, 15], [60, 217, 89, 34], [16, 47, 95, 44], [8, 22, 43, 171]]",0.415766597004395,39252,7336,0.8227476003943012,571,12.847635726795096,0.122608558175721,0.00145892291258282,10.701199563794983
