Threshold,Method,Run,Model,Accuracy,Confusion_Matrix,Cohen_Kappa,Num_Edges,Num_Nodes,Modularity,Num_Communities,Avg_Community_Size,Avg_Clustering,Graph_Density,Avg_Degree
0.0,blackhole,7,GraphSAGE,0.6293172690763053,"[[834, 222, 63, 55], [129, 361, 116, 42], [30, 70, 140, 71], [17, 41, 67, 232]]",0.4657424958191939,358887,12412,0.8339229471836964,835,14.864670658682634,0.5950219145157561,0.0046594985429354,57.82903641637125
0.0,blackhole,7,GCN,0.6076305220883534,"[[798, 172, 149, 55], [135, 293, 172, 48], [17, 33, 193, 68], [18, 20, 90, 229]]",0.44677488311168523,358887,12412,0.8339229471836964,835,14.864670658682634,0.5950219145157561,0.0046594985429354,57.82903641637125
0.0,blackhole,7,GAT,0.6160642570281124,"[[815, 255, 74, 30], [136, 328, 146, 38], [30, 30, 168, 83], [12, 22, 100, 223]]",0.4512019682991696,358887,12412,0.8339229471836964,835,14.864670658682634,0.5950219145157561,0.0046594985429354,57.82903641637125
