Threshold,Method,Run,Model,Accuracy,Confusion_Matrix,Cohen_Kappa,Num_Edges,Num_Nodes,Modularity,Num_Communities,Avg_Community_Size,Avg_Clustering,Graph_Density,Avg_Degree
0.5,random,9,GraphSAGE,0.5768081291093844,"[[483, 117, 95, 40], [88, 202, 108, 52], [18, 40, 121, 47], [11, 19, 73, 159]]",0.41363078091375816,69198,8365,0.8326595395755874,560,14.9375,0.16136748842798962,0.0019780787097980327,16.54465032875075
0.5,random,9,GCN,0.5092647937836222,"[[389, 203, 82, 61], [83, 208, 90, 69], [10, 59, 81, 76], [10, 37, 41, 174]]",0.3277392072554456,69198,8365,0.8326595395755874,560,14.9375,0.16136748842798962,0.0019780787097980327,16.54465032875075
0.5,random,9,GAT,0.5875672444710102,"[[516, 100, 55, 64], [116, 176, 103, 55], [14, 45, 98, 69], [7, 27, 35, 193]]",0.42188597075500334,69198,8365,0.8326595395755874,560,14.9375,0.16136748842798962,0.0019780787097980327,16.54465032875075
