Threshold,Method,Run,Model,Accuracy,Confusion_Matrix,Cohen_Kappa,Num_Edges,Num_Nodes,Modularity,Num_Communities,Avg_Community_Size,Avg_Clustering,Graph_Density,Avg_Degree
0.6,blackhole,8,GraphSAGE,0.5740479548660085,"[[177, 59, 24, 20], [38, 100, 35, 21], [9, 29, 47, 25], [8, 17, 17, 83]]",0.4146518824700106,43836,3688,0.8771749505839536,418,8.822966507177034,0.6228051462830564,0.006447581847930261,23.772234273318873
0.6,blackhole,8,GCN,0.5303244005641748,"[[167, 61, 35, 17], [39, 81, 37, 37], [11, 20, 43, 36], [6, 14, 20, 85]]",0.3608151132191937,43836,3688,0.8771749505839536,418,8.822966507177034,0.6228051462830564,0.006447581847930261,23.772234273318873
0.6,blackhole,8,GAT,0.6191819464033851,"[[181, 73, 13, 13], [31, 112, 34, 17], [6, 21, 65, 18], [5, 10, 29, 81]]",0.47796848667310243,43836,3688,0.8771749505839536,418,8.822966507177034,0.6228051462830564,0.006447581847930261,23.772234273318873
