Threshold,Method,Run,Model,Accuracy,Confusion_Matrix,Cohen_Kappa,Num_Edges,Num_Nodes,Modularity,Num_Communities,Avg_Community_Size,Avg_Clustering,Graph_Density,Avg_Degree
0.9,random,1,GraphSAGE,0.5241935483870968,"[[58, 9, 6, 7], [16, 21, 13, 15], [6, 7, 17, 16], [6, 7, 10, 34]]",0.35745652555770235,791,1236,0.9915520449550975,446,2.7713004484304933,0.0,0.0010363848381221912,1.279935275080906
0.9,random,1,GCN,0.5120967741935484,"[[57, 10, 5, 8], [16, 27, 8, 14], [7, 7, 15, 17], [3, 7, 19, 28]]",0.3414676966292135,791,1236,0.9915520449550975,446,2.7713004484304933,0.0,0.0010363848381221912,1.279935275080906
0.9,random,1,GAT,0.5967741935483871,"[[60, 9, 5, 6], [11, 34, 12, 8], [5, 10, 17, 14], [2, 2, 16, 37]]",0.45714035548550913,791,1236,0.9915520449550975,446,2.7713004484304933,0.0,0.0010363848381221912,1.279935275080906
