Threshold,Method,Run,Model,Accuracy,Confusion_Matrix,Cohen_Kappa,Num_Edges,Num_Nodes,Modularity,Num_Communities,Avg_Community_Size,Avg_Clustering,Graph_Density,Avg_Degree
0.1,stratified,8,GraphSAGE,0.5984251968503937,"[[606, 118, 105, 55], [101, 220, 105, 74], [11, 41, 114, 75], [9, 15, 56, 200]]",0.4361630963025268,181880,9525,0.8269130979370188,695,13.70503597122302,0.48946083622901887,0.004009872558454343,38.19002624671916
0.1,stratified,8,GCN,0.637270341207349,"[[603, 172, 69, 40], [73, 279, 95, 53], [14, 46, 118, 63], [8, 18, 40, 214]]",0.48845466758326206,181880,9525,0.8269130979370188,695,13.70503597122302,0.48946083622901887,0.004009872558454343,38.19002624671916
0.1,stratified,8,GAT,0.6272965879265092,"[[623, 212, 32, 17], [144, 257, 71, 28], [35, 62, 97, 47], [6, 17, 39, 218]]",0.458189824039379,181880,9525,0.8269130979370188,695,13.70503597122302,0.48946083622901887,0.004009872558454343,38.19002624671916
