Threshold,Method,Run,Model,Accuracy,Confusion_Matrix,Cohen_Kappa,Num_Edges,Num_Nodes,Modularity,Num_Communities,Avg_Community_Size,Avg_Clustering,Graph_Density,Avg_Degree
0.03,random,3,GraphSAGE,0.613484302624807,"[[655, 121, 90, 40], [132, 206, 112, 59], [19, 48, 134, 44], [6, 19, 61, 197]]",0.44843408506221405,225857,9711,0.831152679636591,710,13.677464788732394,0.5786104680048548,0.00479049473130845,46.51570384100505
0.03,random,3,GCN,0.6263510036026763,"[[633, 140, 91, 42], [120, 233, 109, 47], [11, 39, 145, 50], [7, 17, 53, 206]]",0.47033305960423055,225857,9711,0.831152679636591,710,13.677464788732394,0.5786104680048548,0.00479049473130845,46.51570384100505
0.03,random,3,GAT,0.6145136387030365,"[[628, 178, 85, 15], [139, 213, 124, 33], [27, 47, 125, 46], [12, 15, 28, 228]]",0.44762166839999706,225857,9711,0.831152679636591,710,13.677464788732394,0.5786104680048548,0.00479049473130845,46.51570384100505
