Threshold,Method,Run,Model,Accuracy,Confusion_Matrix,Cohen_Kappa,Num_Edges,Num_Nodes,Modularity,Num_Communities,Avg_Community_Size,Avg_Clustering,Graph_Density,Avg_Degree
0.5,stratified,1,GraphSAGE,0.5958121827411168,"[[458, 143, 42, 42], [72, 216, 78, 59], [19, 40, 90, 63], [12, 37, 30, 175]]",0.43511750192014986,54874,7880,0.8202230026271357,600,13.133333333333333,0.16501124817341822,0.0017676622880457788,13.927411167512691
0.5,stratified,1,GCN,0.5532994923857868,"[[412, 138, 83, 52], [60, 213, 93, 59], [18, 42, 95, 57], [8, 27, 67, 152]]",0.3874238768558035,54874,7880,0.8202230026271357,600,13.133333333333333,0.16501124817341822,0.0017676622880457788,13.927411167512691
0.5,stratified,1,GAT,0.5875634517766497,"[[458, 138, 60, 29], [64, 221, 93, 47], [18, 43, 99, 52], [5, 19, 82, 148]]",0.4279057351277272,54874,7880,0.8202230026271357,600,13.133333333333333,0.16501124817341822,0.0017676622880457788,13.927411167512691
