Threshold,Method,Run,Model,Accuracy,Confusion_Matrix,Cohen_Kappa,Num_Edges,Num_Nodes,Modularity,Num_Communities,Avg_Community_Size,Avg_Clustering,Graph_Density,Avg_Degree
0.5,random,3,GraphSAGE,0.5779376498800959,"[[477, 117, 92, 46], [68, 205, 115, 61], [17, 35, 118, 56], [9, 18, 70, 164]]",0.4190396089567894,67996,8337,0.8330169007787109,559,14.914132379248658,0.15842645343672476,0.001956797358490479,16.311862780376636
0.5,random,3,GCN,0.5251798561151079,"[[452, 124, 106, 50], [99, 151, 142, 57], [14, 32, 104, 76], [17, 11, 64, 169]]",0.3484407135776043,67996,8337,0.8330169007787109,559,14.914132379248658,0.15842645343672476,0.001956797358490479,16.311862780376636
0.5,random,3,GAT,0.580335731414868,"[[468, 200, 46, 18], [99, 238, 88, 24], [15, 59, 105, 47], [13, 21, 70, 157]]",0.41032149498349035,67996,8337,0.8330169007787109,559,14.914132379248658,0.15842645343672476,0.001956797358490479,16.311862780376636
