Threshold,Method,Run,Model,Accuracy,Confusion_Matrix,Cohen_Kappa,Num_Edges,Num_Nodes,Modularity,Num_Communities,Avg_Community_Size,Avg_Clustering,Graph_Density,Avg_Degree
0.03,stratified,3,GraphSAGE,0.6043727225403436,"[[599, 138, 117, 40], [87, 246, 129, 41], [20, 53, 138, 32], [11, 19, 73, 178]]",0.4442594039785265,198794,9602,0.8277643332178714,704,13.639204545454545,0.5329033977807818,0.004312758072287348,41.406790252030824
0.03,stratified,3,GCN,0.5585632483081728,"[[516, 199, 121, 58], [86, 235, 124, 58], [14, 52, 130, 47], [9, 19, 61, 192]]",0.39028951935662193,198794,9602,0.8277643332178714,704,13.639204545454545,0.5329033977807818,0.004312758072287348,41.406790252030824
0.03,stratified,3,GAT,0.6428943258719417,"[[650, 139, 67, 38], [126, 247, 84, 46], [25, 32, 119, 67], [14, 10, 38, 219]]",0.4867423320362386,198794,9602,0.8277643332178714,704,13.639204545454545,0.5329033977807818,0.004312758072287348,41.406790252030824
