Threshold,Method,Run,Model,Accuracy,Confusion_Matrix,Cohen_Kappa,Num_Edges,Num_Nodes,Modularity,Num_Communities,Avg_Community_Size,Avg_Clustering,Graph_Density,Avg_Degree
0.8,blackhole,5,GraphSAGE,0.5843137254901961,"[[64, 20, 3, 5], [14, 40, 17, 3], [2, 13, 18, 10], [1, 5, 13, 27]]",0.4314022466237537,7201,1232,0.8251493836555437,251,4.908366533864542,0.6518078073033113,0.009496291685568696,11.689935064935066
0.8,blackhole,5,GCN,0.6196078431372549,"[[53, 28, 4, 7], [12, 47, 10, 5], [1, 12, 23, 7], [3, 3, 5, 35]]",0.4817398956565466,7201,1232,0.8251493836555437,251,4.908366533864542,0.6518078073033113,0.009496291685568696,11.689935064935066
0.8,blackhole,5,GAT,0.6627450980392157,"[[62, 19, 6, 5], [16, 41, 12, 5], [0, 9, 28, 6], [0, 3, 5, 38]]",0.5416353147730123,7201,1232,0.8251493836555437,251,4.908366533864542,0.6518078073033113,0.009496291685568696,11.689935064935066
