Threshold,Method,Run,Model,Accuracy,Confusion_Matrix,Cohen_Kappa,Num_Edges,Num_Nodes,Modularity,Num_Communities,Avg_Community_Size,Avg_Clustering,Graph_Density,Avg_Degree
0.2,blackhole,8,GraphSAGE,0.6191524490919097,"[[564, 123, 85, 40], [99, 229, 115, 35], [19, 27, 143, 62], [13, 17, 57, 189]]",0.46665026500698836,220407,9095,0.851441625293935,603,15.082918739635158,0.6106907506533517,0.005329638170410735,48.46772952171523
0.2,blackhole,8,GCN,0.6252063841496973,"[[570, 123, 67, 52], [92, 244, 83, 59], [19, 37, 114, 81], [12, 17, 39, 208]]",0.4736989182002159,220407,9095,0.851441625293935,603,15.082918739635158,0.6106907506533517,0.005329638170410735,48.46772952171523
0.2,blackhole,8,GAT,0.6031920748486517,"[[514, 157, 66, 75], [81, 235, 111, 51], [14, 35, 108, 94], [13, 6, 18, 239]]",0.45110432167406733,220407,9095,0.851441625293935,603,15.082918739635158,0.6106907506533517,0.005329638170410735,48.46772952171523
