Threshold,Method,Run,Model,Accuracy,Confusion_Matrix,Cohen_Kappa,Num_Edges,Num_Nodes,Modularity,Num_Communities,Avg_Community_Size,Avg_Clustering,Graph_Density,Avg_Degree
0.03,blackhole,2,GraphSAGE,0.6093399191737764,"[[660, 214, 89, 58], [112, 329, 91, 49], [21, 60, 139, 73], [16, 35, 52, 229]]",0.44932185946280245,333015,11006,0.8362715548150422,556,19.794964028776977,0.6118593571426652,0.005498879922008589,60.51517354170453
0.03,blackhole,2,GCN,0.5868881903906601,"[[656, 174, 142, 49], [106, 275, 157, 43], [19, 48, 165, 61], [14, 24, 83, 211]]",0.4251313266446203,333015,11006,0.8362715548150422,556,19.794964028776977,0.6118593571426652,0.005498879922008589,60.51517354170453
0.03,blackhole,2,GAT,0.5945217781769196,"[[617, 271, 80, 53], [86, 304, 138, 53], [10, 32, 143, 108], [5, 14, 53, 260]]",0.4393665423280866,333015,11006,0.8362715548150422,556,19.794964028776977,0.6118593571426652,0.005498879922008589,60.51517354170453
