Threshold,Method,Run,Model,Accuracy,Confusion_Matrix,Cohen_Kappa,Num_Edges,Num_Nodes,Modularity,Num_Communities,Avg_Community_Size,Avg_Clustering,Graph_Density,Avg_Degree
0.0,stratified,7,GraphSAGE,0.609617373319545,"[[606, 170, 72, 54], [102, 267, 86, 53], [23, 42, 120, 58], [15, 37, 43, 186]]",0.4445281359393344,207960,9668,0.8276339784645699,725,13.335172413793103,0.553456109089588,0.004450219619921799,43.02027306578403
0.0,stratified,7,GCN,0.6411582213029989,"[[624, 168, 68, 42], [78, 291, 97, 42], [13, 59, 121, 50], [7, 39, 31, 204]]",0.4904627570139404,207960,9668,0.8276339784645699,725,13.335172413793103,0.553456109089588,0.004450219619921799,43.02027306578403
0.0,stratified,7,GAT,0.6127197518097208,"[[602, 203, 79, 18], [120, 249, 108, 31], [25, 57, 121, 40], [5, 22, 41, 213]]",0.44766770823999524,207960,9668,0.8276339784645699,725,13.335172413793103,0.553456109089588,0.004450219619921799,43.02027306578403
