Threshold,Method,Run,Model,Accuracy,Confusion_Matrix,Cohen_Kappa,Num_Edges,Num_Nodes,Modularity,Num_Communities,Avg_Community_Size,Avg_Clustering,Graph_Density,Avg_Degree
0.5,blackhole,6,GraphSAGE,0.62109375,"[[308, 71, 30, 25], [61, 134, 50, 27], [4, 28, 80, 40], [5, 19, 28, 114]]",0.4725069303565549,69076,5043,0.8794896556307482,495,10.187878787878788,0.6077409451162986,0.005433321039221364,27.394804679754113
0.5,blackhole,6,GCN,0.611328125,"[[289, 89, 31, 25], [41, 159, 35, 37], [3, 38, 69, 42], [7, 22, 28, 109]]",0.46169756942885143,69076,5043,0.8794896556307482,495,10.187878787878788,0.6077409451162986,0.005433321039221364,27.394804679754113
0.5,blackhole,6,GAT,0.615234375,"[[297, 87, 25, 25], [57, 142, 48, 25], [14, 24, 74, 40], [10, 19, 20, 117]]",0.46262756495123825,69076,5043,0.8794896556307482,495,10.187878787878788,0.6077409451162986,0.005433321039221364,27.394804679754113
