Threshold,Method,Run,Model,Accuracy,Confusion_Matrix,Cohen_Kappa,Num_Edges,Num_Nodes,Modularity,Num_Communities,Avg_Community_Size,Avg_Clustering,Graph_Density,Avg_Degree
0.9,random,8,GraphSAGE,0.4945054945054945,"[[57, 20, 4, 8], [14, 34, 13, 11], [13, 10, 13, 14], [3, 16, 12, 31]]",0.3144947050474909,902,1363,0.9889544307771786,463,2.9438444924406046,0.0,0.0009717701838929631,1.3235509904622158
0.9,random,8,GCN,0.4652014652014652,"[[49, 20, 13, 7], [16, 31, 16, 9], [6, 14, 9, 21], [4, 13, 7, 38]]",0.2797354439986989,902,1363,0.9889544307771786,463,2.9438444924406046,0.0,0.0009717701838929631,1.3235509904622158
0.9,random,8,GAT,0.5567765567765568,"[[55, 22, 9, 3], [12, 40, 14, 6], [6, 9, 15, 20], [3, 10, 7, 42]]",0.4024529223422153,902,1363,0.9889544307771786,463,2.9438444924406046,0.0,0.0009717701838929631,1.3235509904622158
