Threshold,Method,Run,Model,Accuracy,Confusion_Matrix,Cohen_Kappa,Num_Edges,Num_Nodes,Modularity,Num_Communities,Avg_Community_Size,Avg_Clustering,Graph_Density,Avg_Degree
0.2,random,6,GraphSAGE,0.5842161016949152,"[[575, 166, 84, 45], [102, 227, 88, 80], [25, 52, 105, 60], [13, 22, 48, 196]]",0.4131412827674795,171131,9436,0.8312600766995348,646,14.606811145510836,0.43224181753560825,0.0038444024654532595,36.27193726155151
0.2,random,6,GCN,0.5402542372881356,"[[529, 161, 113, 67], [113, 187, 111, 86], [27, 47, 110, 58], [16, 23, 46, 194]]",0.3588213591101036,171131,9436,0.8312600766995348,646,14.606811145510836,0.43224181753560825,0.0038444024654532595,36.27193726155151
0.2,random,6,GAT,0.5942796610169492,"[[623, 139, 79, 29], [96, 196, 132, 73], [18, 50, 122, 52], [16, 22, 60, 181]]",0.42578528252383074,171131,9436,0.8312600766995348,646,14.606811145510836,0.43224181753560825,0.0038444024654532595,36.27193726155151
