Threshold,Method,Run,Model,Accuracy,Confusion_Matrix,Cohen_Kappa,Num_Edges,Num_Nodes,Modularity,Num_Communities,Avg_Community_Size,Avg_Clustering,Graph_Density,Avg_Degree
0.5,random,4,GraphSAGE,0.5663082437275986,"[[453, 179, 56, 47], [75, 243, 66, 66], [27, 61, 83, 56], [10, 35, 48, 169]]",0.3947330413553568,69442,8367,0.8329734900506595,560,14.941071428571428,0.16197839923447402,0.0019841047046813493,16.59901995936417
0.5,random,4,GCN,0.5041816009557945,"[[402, 178, 94, 61], [85, 186, 104, 75], [20, 56, 88, 63], [9, 31, 54, 168]]",0.3211519632272326,69442,8367,0.8329734900506595,560,14.941071428571428,0.16197839923447402,0.0019841047046813493,16.59901995936417
0.5,random,4,GAT,0.5913978494623656,"[[524, 119, 72, 20], [121, 178, 110, 41], [18, 34, 137, 38], [9, 16, 86, 151]]",0.42599125413393313,69442,8367,0.8329734900506595,560,14.941071428571428,0.16197839923447402,0.0019841047046813493,16.59901995936417
