Threshold,Method,Run,Model,Accuracy,Confusion_Matrix,Cohen_Kappa,Num_Edges,Num_Nodes,Modularity,Num_Communities,Avg_Community_Size,Avg_Clustering,Graph_Density,Avg_Degree
0.06,random,6,GraphSAGE,0.6007231404958677,"[[608, 141, 99, 54], [95, 234, 110, 68], [19, 42, 122, 62], [8, 19, 56, 199]]",0.43861175956002085,218175,9680,0.8312012771193079,701,13.808844507845935,0.5586259009510369,0.0046572455149130046,45.07747933884298
0.06,random,6,GCN,0.6167355371900827,"[[595, 168, 86, 53], [71, 269, 105, 62], [12, 49, 119, 65], [5, 20, 46, 211]]",0.4635889538709025,218175,9680,0.8312012771193079,701,13.808844507845935,0.5586259009510369,0.0046572455149130046,45.07747933884298
0.06,random,6,GAT,0.6198347107438017,"[[570, 253, 58, 21], [97, 285, 94, 31], [14, 44, 139, 48], [7, 16, 53, 206]]",0.4630656404003072,218175,9680,0.8312012771193079,701,13.808844507845935,0.5586259009510369,0.0046572455149130046,45.07747933884298
