Threshold,Method,Run,Model,Accuracy,Confusion_Matrix,Cohen_Kappa,Num_Edges,Num_Nodes,Modularity,Num_Communities,Avg_Community_Size,Avg_Clustering,Graph_Density,Avg_Degree
0.6,random,0,GraphSAGE,0.5546772068511199,"[[404, 114, 84, 41], [85, 178, 102, 52], [19, 26, 117, 50], [12, 17, 74, 143]]",0.389181714880276,42030,7586,0.833519438958464,534,14.205992509363297,0.09374495581909434,0.0014609015914373023,11.080938571051938
0.6,random,0,GCN,0.4874835309617918,"[[347, 155, 108, 33], [85, 162, 124, 46], [28, 41, 102, 41], [18, 29, 70, 129]]",0.3006385426801501,42030,7586,0.833519438958464,534,14.205992509363297,0.09374495581909434,0.0014609015914373023,11.080938571051938
0.6,random,0,GAT,0.5566534914361001,"[[405, 154, 54, 30], [78, 193, 105, 41], [26, 29, 96, 61], [14, 20, 61, 151]]",0.38689414166656155,42030,7586,0.833519438958464,534,14.205992509363297,0.09374495581909434,0.0014609015914373023,11.080938571051938
