Threshold,Method,Run,Model,Accuracy,Confusion_Matrix,Cohen_Kappa,Num_Edges,Num_Nodes,Modularity,Num_Communities,Avg_Community_Size,Avg_Clustering,Graph_Density,Avg_Degree
0.9,blackhole,8,GraphSAGE,0.813953488372093,"[[3, 1, 0, 0], [2, 4, 3, 2], [0, 0, 8, 0], [0, 0, 0, 20]]",0.723916532905297,902,158,0.3418444076270731,38,4.157894736842105,0.501876829372762,0.07272434088526969,11.417721518987342
0.9,blackhole,8,GCN,0.8604651162790697,"[[3, 1, 0, 0], [0, 7, 1, 3], [0, 0, 8, 0], [0, 1, 0, 19]]",0.7895595432300163,902,158,0.3418444076270731,38,4.157894736842105,0.501876829372762,0.07272434088526969,11.417721518987342
0.9,blackhole,8,GAT,0.8604651162790697,"[[3, 1, 0, 0], [0, 6, 2, 3], [0, 0, 8, 0], [0, 0, 0, 20]]",0.7885245901639344,902,158,0.3418444076270731,38,4.157894736842105,0.501876829372762,0.07272434088526969,11.417721518987342
