Threshold,Method,Run,Model,Accuracy,Confusion_Matrix,Cohen_Kappa,Num_Edges,Num_Nodes,Modularity,Num_Communities,Avg_Community_Size,Avg_Clustering,Graph_Density,Avg_Degree
0.06,random,8,GraphSAGE,0.609504132231405,"[[623, 161, 77, 41], [108, 241, 92, 66], [20, 50, 119, 56], [8, 26, 51, 197]]",0.44487602581700303,216973,9676,0.8312654717551914,701,13.803138373751784,0.555163702108074,0.004635417501199056,44.84766432410087
0.06,random,8,GCN,0.6224173553719008,"[[608, 167, 86, 41], [77, 268, 107, 55], [11, 56, 123, 55], [4, 19, 53, 206]]",0.46936968114922606,216973,9676,0.8312654717551914,701,13.803138373751784,0.555163702108074,0.004635417501199056,44.84766432410087
0.06,random,8,GAT,0.5490702479338843,"[[566, 130, 170, 36], [88, 174, 186, 59], [17, 38, 146, 44], [14, 16, 75, 177]]",0.3782277743380559,216973,9676,0.8312654717551914,701,13.803138373751784,0.555163702108074,0.004635417501199056,44.84766432410087
