Threshold,Method,Run,Model,Accuracy,Confusion_Matrix,Cohen_Kappa,Num_Edges,Num_Nodes,Modularity,Num_Communities,Avg_Community_Size,Avg_Clustering,Graph_Density,Avg_Degree
0.1,random,6,GraphSAGE,0.6081081081081081,"[[627, 134, 102, 30], [121, 213, 111, 60], [22, 31, 132, 59], [15, 18, 51, 198]]",0.4433914882824894,202582,9618,0.8314883606205272,691,13.918958031837915,0.5164078378491915,0.00438032628027329,42.12559783738823
0.1,random,6,GCN,0.5280665280665281,"[[491, 219, 124, 59], [78, 228, 134, 65], [16, 42, 111, 75], [10, 19, 67, 186]]",0.352713484184758,202582,9618,0.8314883606205272,691,13.918958031837915,0.5164078378491915,0.00438032628027329,42.12559783738823
0.1,random,6,GAT,0.579002079002079,"[[621, 131, 104, 37], [122, 178, 143, 62], [22, 34, 139, 49], [17, 16, 73, 176]]",0.4049009638417117,202582,9618,0.8314883606205272,691,13.918958031837915,0.5164078378491915,0.00438032628027329,42.12559783738823
