Threshold,Method,Run,Model,Accuracy,Confusion_Matrix,Cohen_Kappa,Num_Edges,Num_Nodes,Modularity,Num_Communities,Avg_Community_Size,Avg_Clustering,Graph_Density,Avg_Degree
0.6,blackhole,2,GraphSAGE,0.5881542699724518,"[[196, 45, 35, 16], [46, 98, 42, 18], [8, 18, 59, 26], [7, 14, 24, 74]]",0.4326731586457795,43166,3705,0.8758264574119593,407,9.103194103194102,0.6419114784670458,0.006290897537913566,23.30148448043185
0.6,blackhole,2,GCN,0.5247933884297521,"[[174, 63, 42, 13], [39, 84, 63, 18], [7, 20, 56, 28], [7, 19, 26, 67]]",0.3529528774441548,43166,3705,0.8758264574119593,407,9.103194103194102,0.6419114784670458,0.006290897537913566,23.30148448043185
0.6,blackhole,2,GAT,0.6198347107438017,"[[204, 45, 27, 16], [41, 105, 35, 23], [5, 18, 60, 28], [4, 8, 26, 81]]",0.47677588493957657,43166,3705,0.8758264574119593,407,9.103194103194102,0.6419114784670458,0.006290897537913566,23.30148448043185
