Threshold,Method,Run,Model,Accuracy,Confusion_Matrix,Cohen_Kappa,Num_Edges,Num_Nodes,Modularity,Num_Communities,Avg_Community_Size,Avg_Clustering,Graph_Density,Avg_Degree
0.95,blackhole,3,GraphSAGE,0.8888888888888888,"[[5, 0, 0, 0], [0, 3, 0, 1], [0, 0, 1, 1], [0, 0, 0, 7]]",0.8378378378378378,96,70,0.7078988434758945,24,2.9166666666666665,0.33900203492434117,0.03975155279503106,2.742857142857143
0.95,blackhole,3,GCN,0.8333333333333334,"[[5, 0, 0, 0], [0, 3, 0, 1], [0, 0, 1, 1], [0, 1, 0, 6]]",0.76,96,70,0.7078988434758945,24,2.9166666666666665,0.33900203492434117,0.03975155279503106,2.742857142857143
0.95,blackhole,3,GAT,0.9444444444444444,"[[5, 0, 0, 0], [0, 3, 0, 1], [0, 0, 2, 0], [0, 0, 0, 7]]",0.920704845814978,96,70,0.7078988434758945,24,2.9166666666666665,0.33900203492434117,0.03975155279503106,2.742857142857143
