Threshold,Method,Run,Model,Accuracy,Confusion_Matrix,Cohen_Kappa,Num_Edges,Num_Nodes,Modularity,Num_Communities,Avg_Community_Size,Avg_Clustering,Graph_Density,Avg_Degree
0.0,random,2,GraphSAGE,0.6088069636456733,"[[612, 146, 122, 34], [103, 260, 110, 38], [17, 41, 138, 49], [6, 19, 79, 179]]",0.4487302735562759,235928,9764,0.8310869311824772,734,13.302452316076295,0.6048884255063209,0.0049499227555414825,48.326095862351494
0.0,random,2,GCN,0.6472094214029698,"[[636, 174, 51, 53], [96, 299, 57, 59], [8, 52, 113, 72], [12, 26, 29, 216]]",0.4961877590448055,235928,9764,0.8310869311824772,734,13.302452316076295,0.6048884255063209,0.0049499227555414825,48.326095862351494
0.0,random,2,GAT,0.6666666666666666,"[[698, 159, 38, 19], [141, 274, 66, 30], [14, 54, 130, 47], [8, 18, 57, 200]]",0.513643317087054,235928,9764,0.8310869311824772,734,13.302452316076295,0.6048884255063209,0.0049499227555414825,48.326095862351494
