Threshold,Method,Run,Model,Accuracy,Confusion_Matrix,Cohen_Kappa,Num_Edges,Num_Nodes,Modularity,Num_Communities,Avg_Community_Size,Avg_Clustering,Graph_Density,Avg_Degree
0.0,random,6,GraphSAGE,0.6349206349206349,"[[647, 158, 62, 47], [130, 270, 64, 47], [17, 55, 115, 58], [9, 25, 41, 208]]",0.47447474420776015,235974,9764,0.8310473396827499,733,13.320600272851296,0.6049432661479077,0.00495088786543414,48.33551823023351
0.0,random,6,GCN,0.6318484383000512,"[[645, 134, 91, 44], [94, 254, 104, 59], [8, 40, 129, 68], [11, 18, 48, 206]]",0.47908601233093184,235974,9764,0.8310473396827499,733,13.320600272851296,0.6049432661479077,0.00495088786543414,48.33551823023351
0.0,random,6,GAT,0.6349206349206349,"[[588, 247, 66, 13], [109, 286, 97, 19], [7, 52, 133, 53], [5, 17, 28, 233]]",0.48218959856640686,235974,9764,0.8310473396827499,733,13.320600272851296,0.6049432661479077,0.00495088786543414,48.33551823023351
