Threshold,Method,Run,Model,Accuracy,Confusion_Matrix,Cohen_Kappa,Num_Edges,Num_Nodes,Modularity,Num_Communities,Avg_Community_Size,Avg_Clustering,Graph_Density,Avg_Degree
0.5,random,1,GraphSAGE,0.5787545787545788,"[[443, 187, 50, 34], [76, 259, 69, 39], [9, 77, 79, 58], [13, 26, 52, 167]]",0.41162843603277366,61147,8189,0.8330399621088195,558,14.675627240143369,0.14144894610665013,0.0018238807727763773,14.933935767492978
0.5,random,1,GCN,0.5091575091575091,"[[401, 157, 101, 55], [84, 180, 115, 64], [17, 38, 102, 66], [7, 14, 86, 151]]",0.33166980544640456,61147,8189,0.8330399621088195,558,14.675627240143369,0.14144894610665013,0.0018238807727763773,14.933935767492978
0.5,random,1,GAT,0.5647130647130647,"[[464, 161, 59, 30], [97, 200, 90, 56], [17, 43, 103, 60], [10, 12, 78, 158]]",0.39390067579980714,61147,8189,0.8330399621088195,558,14.675627240143369,0.14144894610665013,0.0018238807727763773,14.933935767492978
