Threshold,Method,Run,Model,Accuracy,Confusion_Matrix,Cohen_Kappa,Num_Edges,Num_Nodes,Modularity,Num_Communities,Avg_Community_Size,Avg_Clustering,Graph_Density,Avg_Degree
0.4,blackhole,5,GraphSAGE,0.580441640378549,"[[332, 127, 43, 32], [70, 177, 61, 29], [15, 43, 96, 44], [8, 16, 44, 131]]",0.4201021777459517,109397,6296,0.8634797465731943,512,12.296875,0.6145568164286358,0.005520456020338443,34.7512706480305
0.4,blackhole,5,GCN,0.49369085173501576,"[[275, 132, 90, 37], [48, 142, 105, 42], [16, 30, 96, 56], [9, 15, 62, 113]]",0.3189200857064213,109397,6296,0.8634797465731943,512,12.296875,0.6145568164286358,0.005520456020338443,34.7512706480305
0.4,blackhole,5,GAT,0.581230283911672,"[[315, 139, 62, 18], [59, 174, 83, 21], [11, 31, 119, 37], [8, 15, 47, 129]]",0.4267797031515248,109397,6296,0.8634797465731943,512,12.296875,0.6145568164286358,0.005520456020338443,34.7512706480305
