Threshold,Method,Run,Model,Accuracy,Confusion_Matrix,Cohen_Kappa,Num_Edges,Num_Nodes,Modularity,Num_Communities,Avg_Community_Size,Avg_Clustering,Graph_Density,Avg_Degree
0.7,blackhole,1,GraphSAGE,0.5848303393213573,"[[127, 35, 15, 6], [39, 65, 28, 18], [9, 15, 40, 13], [8, 9, 13, 61]]",0.4293162177851283,17415,2468,0.923511155241554,339,7.28023598820059,0.652976166052983,0.005720568226686262,14.112641815235008
0.7,blackhole,1,GCN,0.5828343313373253,"[[117, 38, 13, 15], [27, 70, 27, 26], [3, 17, 38, 19], [7, 9, 8, 67]]",0.4325945594451067,17415,2468,0.923511155241554,339,7.28023598820059,0.652976166052983,0.005720568226686262,14.112641815235008
0.7,blackhole,1,GAT,0.6287425149700598,"[[126, 31, 14, 12], [28, 75, 26, 21], [4, 17, 43, 13], [4, 8, 8, 71]]",0.4936946824521464,17415,2468,0.923511155241554,339,7.28023598820059,0.652976166052983,0.005720568226686262,14.112641815235008
