Threshold,Method,Run,Model,Accuracy,Confusion_Matrix,Cohen_Kappa,Num_Edges,Num_Nodes,Modularity,Num_Communities,Avg_Community_Size,Avg_Clustering,Graph_Density,Avg_Degree
0.0,stratified,6,GraphSAGE,0.5759297520661157,"[[576, 136, 152, 39], [100, 206, 150, 51], [22, 25, 134, 64], [10, 11, 61, 199]]",0.4104759050622958,207895,9678,0.8279146247424908,724,13.367403314917127,0.5523661568348901,0.004439639239777955,42.96238892333127
0.0,stratified,6,GCN,0.5707644628099173,"[[584, 117, 151, 51], [127, 185, 152, 43], [20, 29, 142, 54], [17, 20, 50, 194]]",0.3990941681189907,207895,9678,0.8279146247424908,724,13.367403314917127,0.5523661568348901,0.004439639239777955,42.96238892333127
0.0,stratified,6,GAT,0.6255165289256198,"[[604, 194, 88, 17], [126, 255, 103, 23], [17, 57, 123, 48], [7, 16, 29, 229]]",0.4662038100482683,207895,9678,0.8279146247424908,724,13.367403314917127,0.5523661568348901,0.004439639239777955,42.96238892333127
