Threshold,Method,Run,Model,Accuracy,Confusion_Matrix,Cohen_Kappa,Num_Edges,Num_Nodes,Modularity,Num_Communities,Avg_Community_Size,Avg_Clustering,Graph_Density,Avg_Degree
0.8,stratified,9,GraphSAGE,0.6092636579572447,"[[218, 49, 32, 15], [43, 122, 35, 30], [6, 18, 67, 42], [12, 21, 26, 106]]",0.46720442826287234,6824,4208,0.8455136545773759,543,7.749539594843462,0.019062691571094702,0.0007709403393402812,3.2433460076045626
0.8,stratified,9,GCN,0.5308788598574822,"[[201, 58, 35, 20], [50, 96, 60, 24], [14, 20, 61, 38], [10, 22, 44, 89]]",0.3637307999135291,6824,4208,0.8455136545773759,543,7.749539594843462,0.019062691571094702,0.0007709403393402812,3.2433460076045626
0.8,stratified,9,GAT,0.5712589073634204,"[[216, 54, 22, 22], [41, 109, 49, 31], [11, 24, 49, 49], [3, 18, 37, 107]]",0.41697579763462067,6824,4208,0.8455136545773759,543,7.749539594843462,0.019062691571094702,0.0007709403393402812,3.2433460076045626
