Threshold,Method,Accuracy_mean,Accuracy_std,Cohen_Kappa_mean,Cohen_Kappa_std,Modularity_mean,Modularity_std
0.9,blackhole,0.8425229741019215,0.024220031769965327,0.7873027190823629,0.0355252598792579,0.5775551074494125,0.006808570472486542
0.9,random,0.5275974025974026,0.01607060866333061,0.36759245299193705,0.023645264326071003,0.9804237315090362,0.00011612784142771564
