Threshold,Method,Run,Model,Accuracy,Confusion_Matrix,Cohen_Kappa,Num_Edges,Num_Nodes,Modularity,Num_Communities,Avg_Community_Size,Avg_Clustering,Graph_Density,Avg_Degree
0.0,stratified,4,GraphSAGE,0.5962829117191534,"[[618, 147, 101, 38], [113, 221, 133, 41], [30, 28, 146, 40], [11, 15, 85, 170]]",0.42853682755456834,207906,9682,0.8275228506327479,728,13.29945054945055,0.5536880524250631,0.0044362061558809686,42.94691179508366
0.0,stratified,4,GCN,0.572534847702633,"[[556, 217, 85, 46], [101, 260, 102, 45], [20, 64, 114, 46], [15, 29, 58, 179]]",0.39715589361043946,207906,9682,0.8275228506327479,728,13.29945054945055,0.5536880524250631,0.0044362061558809686,42.94691179508366
0.0,stratified,4,GAT,0.6298399586990191,"[[670, 174, 42, 18], [114, 212, 127, 55], [8, 22, 145, 69], [4, 10, 74, 193]]",0.47217579280292066,207906,9682,0.8275228506327479,728,13.29945054945055,0.5536880524250631,0.0044362061558809686,42.94691179508366
