Threshold,Method,Run,Model,Accuracy,Confusion_Matrix,Cohen_Kappa,Num_Edges,Num_Nodes,Modularity,Num_Communities,Avg_Community_Size,Avg_Clustering,Graph_Density,Avg_Degree
0.7,blackhole,7,GraphSAGE,0.5792682926829268,"[[110, 42, 18, 13], [21, 73, 25, 16], [6, 19, 41, 14], [6, 15, 12, 61]]",0.4288822592584285,19830,2452,0.8805259175993555,350,7.005714285714285,0.6447249947636389,0.006599164172428872,16.174551386623165
0.7,blackhole,7,GCN,0.5792682926829268,"[[106, 37, 30, 10], [26, 66, 24, 19], [4, 20, 45, 11], [7, 10, 9, 68]]",0.43150914327818346,19830,2452,0.8805259175993555,350,7.005714285714285,0.6447249947636389,0.006599164172428872,16.174551386623165
0.7,blackhole,7,GAT,0.6097560975609756,"[[121, 38, 18, 6], [28, 71, 24, 12], [9, 19, 36, 16], [4, 8, 10, 72]]",0.4664678572638856,19830,2452,0.8805259175993555,350,7.005714285714285,0.6447249947636389,0.006599164172428872,16.174551386623165
