Threshold,Method,Run,Model,Accuracy,Confusion_Matrix,Cohen_Kappa,Num_Edges,Num_Nodes,Modularity,Num_Communities,Avg_Community_Size,Avg_Clustering,Graph_Density,Avg_Degree
0.95,random,7,GraphSAGE,0.5833333333333334,"[[9, 2, 0, 4], [1, 7, 1, 3], [1, 2, 2, 4], [0, 0, 2, 10]]",0.4385964912280702,122,237,0.9908359521892349,115,2.0608695652173914,0.0,0.004362440105842809,1.029535864978903
0.95,random,7,GCN,0.4791666666666667,"[[11, 1, 2, 1], [2, 3, 5, 2], [2, 2, 4, 1], [1, 2, 4, 5]]",0.30434782608695654,122,237,0.9908359521892349,115,2.0608695652173914,0.0,0.004362440105842809,1.029535864978903
0.95,random,7,GAT,0.5416666666666666,"[[13, 1, 0, 1], [2, 3, 6, 1], [3, 2, 3, 1], [0, 2, 3, 7]]",0.38245614035087716,122,237,0.9908359521892349,115,2.0608695652173914,0.0,0.004362440105842809,1.029535864978903
