Threshold,Method,Run,Model,Accuracy,Confusion_Matrix,Cohen_Kappa,Num_Edges,Num_Nodes,Modularity,Num_Communities,Avg_Community_Size,Avg_Clustering,Graph_Density,Avg_Degree
0.4,stratified,8,GraphSAGE,0.5752161383285302,"[[507, 144, 90, 40], [76, 217, 106, 60], [16, 53, 105, 54], [16, 27, 55, 169]]",0.4080340468556286,90537,8675,0.8209350830644749,631,13.748019017432647,0.25229221771587296,0.002406396538331454,20.873083573487033
0.4,stratified,8,GCN,0.523342939481268,"[[437, 167, 121, 56], [69, 198, 123, 69], [23, 40, 107, 58], [10, 21, 70, 166]]",0.3491470637464783,90537,8675,0.8209350830644749,631,13.748019017432647,0.25229221771587296,0.002406396538331454,20.873083573487033
0.4,stratified,8,GAT,0.5780979827089338,"[[523, 103, 115, 40], [87, 187, 122, 63], [21, 38, 108, 61], [8, 22, 52, 185]]",0.413877590954843,90537,8675,0.8209350830644749,631,13.748019017432647,0.25229221771587296,0.002406396538331454,20.873083573487033
