Threshold,Method,Run,Model,Accuracy,Confusion_Matrix,Cohen_Kappa,Num_Edges,Num_Nodes,Modularity,Num_Communities,Avg_Community_Size,Avg_Clustering,Graph_Density,Avg_Degree
0.5,random,0,GraphSAGE,0.5681681681681682,"[[448, 169, 76, 38], [61, 244, 83, 60], [15, 69, 83, 59], [9, 29, 51, 171]]",0.4020830336593786,67565,8324,0.8327744462274895,554,15.025270758122744,0.15706211908570714,0.0019504724060622294,16.233781835655936
0.5,random,0,GCN,0.5081081081081081,"[[399, 157, 111, 64], [81, 174, 116, 77], [17, 37, 97, 75], [11, 16, 57, 176]]",0.3318197253161599,67565,8324,0.8327744462274895,554,15.025270758122744,0.15706211908570714,0.0019504724060622294,16.233781835655936
0.5,random,0,GAT,0.5735735735735735,"[[450, 190, 70, 21], [81, 217, 107, 43], [12, 42, 108, 64], [3, 17, 60, 180]]",0.4107754596689097,67565,8324,0.8327744462274895,554,15.025270758122744,0.15706211908570714,0.0019504724060622294,16.233781835655936
