Threshold,Method,Run,Model,Accuracy,Confusion_Matrix,Cohen_Kappa,Num_Edges,Num_Nodes,Modularity,Num_Communities,Avg_Community_Size,Avg_Clustering,Graph_Density,Avg_Degree
0.7,stratified,2,GraphSAGE,0.5933572710951526,"[[292, 67, 42, 35], [60, 142, 64, 48], [6, 32, 85, 38], [5, 14, 42, 142]]",0.4465163925436192,14647,5569,0.8338714737857623,491,11.342158859470468,0.045512512895262036,0.0009447180925608304,5.2601903393787035
0.7,stratified,2,GCN,0.5170556552962298,"[[249, 89, 53, 45], [62, 121, 62, 69], [19, 22, 52, 68], [8, 16, 25, 154]]",0.3461613988540707,14647,5569,0.8338714737857623,491,11.342158859470468,0.045512512895262036,0.0009447180925608304,5.2601903393787035
0.7,stratified,2,GAT,0.5529622980251346,"[[250, 121, 46, 19], [56, 156, 60, 42], [8, 36, 68, 49], [3, 21, 37, 142]]",0.3922178485310276,14647,5569,0.8338714737857623,491,11.342158859470468,0.045512512895262036,0.0009447180925608304,5.2601903393787035
