Threshold,Method,Run,Model,Accuracy,Confusion_Matrix,Cohen_Kappa,Num_Edges,Num_Nodes,Modularity,Num_Communities,Avg_Community_Size,Avg_Clustering,Graph_Density,Avg_Degree
0.7,stratified,8,GraphSAGE,0.6008264462809917,"[[325, 78, 40, 37], [60, 169, 69, 42], [14, 33, 83, 44], [7, 17, 42, 150]]",0.4530656324984371,19163,6046,0.8305876067540062,500,12.092,0.06165689921810723,0.001048646344389731,6.339067151835924
0.7,stratified,8,GCN,0.5173553719008265,"[[278, 87, 83, 32], [53, 138, 99, 50], [22, 29, 79, 44], [4, 19, 62, 131]]",0.3506376550028212,19163,6046,0.8305876067540062,500,12.092,0.06165689921810723,0.001048646344389731,6.339067151835924
0.7,stratified,8,GAT,0.5578512396694215,"[[293, 96, 52, 39], [57, 168, 72, 43], [18, 39, 64, 53], [2, 19, 45, 150]]",0.3977680157928326,19163,6046,0.8305876067540062,500,12.092,0.06165689921810723,0.001048646344389731,6.339067151835924
