Threshold,Method,Run,Model,Accuracy,Confusion_Matrix,Cohen_Kappa,Num_Edges,Num_Nodes,Modularity,Num_Communities,Avg_Community_Size,Avg_Clustering,Graph_Density,Avg_Degree
0.5,random,6,GraphSAGE,0.5597826086956522,"[[449, 154, 89, 33], [79, 218, 100, 49], [28, 44, 105, 48], [12, 27, 66, 155]]",0.38963060037677133,64630,8276,0.8330498273575265,556,14.884892086330936,0.14918576198774675,0.0018874509191211366,15.618656355727405
0.5,random,6,GCN,0.5277777777777778,"[[434, 144, 99, 48], [103, 175, 103, 65], [23, 40, 111, 51], [15, 21, 70, 154]]",0.3483090654543295,64630,8276,0.8330498273575265,556,14.884892086330936,0.14918576198774675,0.0018874509191211366,15.618656355727405
0.5,random,6,GAT,0.5785024154589372,"[[444, 192, 67, 22], [82, 241, 88, 35], [23, 53, 105, 44], [9, 25, 58, 168]]",0.4127749074116409,64630,8276,0.8330498273575265,556,14.884892086330936,0.14918576198774675,0.0018874509191211366,15.618656355727405
