Threshold,Method,Run,Model,Accuracy,Confusion_Matrix,Cohen_Kappa,Num_Edges,Num_Nodes,Modularity,Num_Communities,Avg_Community_Size,Avg_Clustering,Graph_Density,Avg_Degree
0.3,random,5,GraphSAGE,0.5673913043478261,"[[528, 187, 74, 50], [91, 231, 95, 71], [15, 55, 104, 64], [12, 28, 54, 181]]",0.3949373761175755,134629,9197,0.8315731531338907,622,14.786173633440514,0.33512564603945316,0.0031836364364705985,29.276720669783625
0.3,random,5,GCN,0.5163043478260869,"[[488, 168, 138, 45], [107, 183, 145, 53], [22, 52, 120, 44], [14, 27, 75, 159]]",0.3315405427028686,134629,9197,0.8315731531338907,622,14.786173633440514,0.33512564603945316,0.0031836364364705985,29.276720669783625
0.3,random,5,GAT,0.6114130434782609,"[[621, 147, 53, 18], [126, 196, 106, 60], [20, 36, 122, 60], [12, 18, 59, 186]]",0.44448737323515164,134629,9197,0.8315731531338907,622,14.786173633440514,0.33512564603945316,0.0031836364364705985,29.276720669783625
