Threshold,Method,Run,Model,Accuracy,Confusion_Matrix,Cohen_Kappa,Num_Edges,Num_Nodes,Modularity,Num_Communities,Avg_Community_Size,Avg_Clustering,Graph_Density,Avg_Degree
0.4,stratified,4,GraphSAGE,0.5798611111111112,"[[506, 132, 103, 35], [71, 207, 134, 46], [14, 37, 126, 51], [11, 17, 75, 163]]",0.4193354883860432,88204,8638,0.8214099426502492,633,13.64612954186414,0.24608938531998148,0.00236451545461123,20.422319981477195
0.4,stratified,4,GCN,0.5474537037037037,"[[495, 128, 101, 52], [86, 187, 115, 70], [22, 46, 89, 71], [11, 25, 55, 175]]",0.37229719560527763,88204,8638,0.8214099426502492,633,13.64612954186414,0.24608938531998148,0.00236451545461123,20.422319981477195
0.4,stratified,4,GAT,0.609375,"[[528, 183, 45, 20], [71, 236, 97, 54], [15, 43, 108, 62], [3, 16, 66, 181]]",0.4528818920980273,88204,8638,0.8214099426502492,633,13.64612954186414,0.24608938531998148,0.00236451545461123,20.422319981477195
