Threshold,Method,Run,Model,Accuracy,Confusion_Matrix,Cohen_Kappa,Num_Edges,Num_Nodes,Modularity,Num_Communities,Avg_Community_Size,Avg_Clustering,Graph_Density,Avg_Degree
0.2,stratified,3,GraphSAGE,0.6081370449678801,"[[597, 137, 93, 34], [89, 220, 124, 59], [17, 32, 126, 64], [8, 20, 55, 193]]",0.44959370897994333,152399,9337,0.8243812745594246,674,13.853115727002967,0.41371401451516626,0.003496583558479,32.64410410195995
0.2,stratified,3,GCN,0.6311563169164882,"[[610, 145, 70, 36], [78, 244, 127, 43], [23, 36, 128, 52], [7, 15, 57, 197]]",0.47954159455218937,152399,9337,0.8243812745594246,674,13.853115727002967,0.41371401451516626,0.003496583558479,32.64410410195995
0.2,stratified,3,GAT,0.6054603854389722,"[[519, 249, 74, 19], [73, 267, 112, 40], [16, 20, 138, 65], [7, 17, 45, 207]]",0.4511327655618218,152399,9337,0.8243812745594246,674,13.853115727002967,0.41371401451516626,0.003496583558479,32.64410410195995
