Threshold,Method,Run,Model,Accuracy,Confusion_Matrix,Cohen_Kappa,Num_Edges,Num_Nodes,Modularity,Num_Communities,Avg_Community_Size,Avg_Clustering,Graph_Density,Avg_Degree
0.8,blackhole,2,GraphSAGE,0.6497890295358649,"[[44, 21, 8, 3], [11, 59, 5, 5], [3, 11, 19, 8], [0, 1, 7, 32]]",0.518834694975784,6834,1183,0.8268738795688777,234,5.055555555555555,0.6688620983294223,0.009774684511115593,11.553677092138631
0.8,blackhole,2,GCN,0.6118143459915611,"[[46, 18, 9, 3], [9, 53, 14, 4], [1, 9, 26, 5], [0, 1, 19, 20]]",0.47288770699867044,6834,1183,0.8268738795688777,234,5.055555555555555,0.6688620983294223,0.009774684511115593,11.553677092138631
0.8,blackhole,2,GAT,0.6497890295358649,"[[48, 21, 5, 2], [10, 54, 13, 3], [1, 7, 23, 10], [0, 1, 10, 29]]",0.5224790017963781,6834,1183,0.8268738795688777,234,5.055555555555555,0.6688620983294223,0.009774684511115593,11.553677092138631
