Threshold,Method,Run,Model,Accuracy,Confusion_Matrix,Cohen_Kappa,Num_Edges,Num_Nodes,Modularity,Num_Communities,Avg_Community_Size,Avg_Clustering,Graph_Density,Avg_Degree
0.95,stratified,5,GraphSAGE,0.3333333333333333,"[[3, 6, 0, 4], [2, 4, 3, 2], [2, 0, 1, 3], [0, 3, 3, 6]]",0.1009174311926605,115,208,0.9861490553302662,93,2.236559139784946,0.0,0.005341880341880342,1.1057692307692308
0.95,stratified,5,GCN,0.3333333333333333,"[[3, 6, 0, 4], [4, 2, 3, 2], [1, 0, 0, 5], [0, 0, 3, 9]]",0.09259259259259245,115,208,0.9861490553302662,93,2.236559139784946,0.0,0.005341880341880342,1.1057692307692308
0.95,stratified,5,GAT,0.47619047619047616,"[[4, 7, 1, 1], [2, 5, 3, 1], [1, 1, 2, 2], [0, 1, 2, 9]]",0.29733840304182513,115,208,0.9861490553302662,93,2.236559139784946,0.0,0.005341880341880342,1.1057692307692308
