Threshold,Method,Run,Model,Accuracy,Confusion_Matrix,Cohen_Kappa,Num_Edges,Num_Nodes,Modularity,Num_Communities,Avg_Community_Size,Avg_Clustering,Graph_Density,Avg_Degree
0.3,stratified,7,GraphSAGE,0.5868362831858407,"[[527, 175, 75, 48], [83, 250, 83, 63], [26, 50, 88, 70], [15, 24, 35, 196]]",0.41916305697859657,121640,9037,0.8233266421019182,639,14.142410015649451,0.33353102769586174,0.0029792428285211605,26.920438198517207
0.3,stratified,7,GCN,0.5398230088495575,"[[508, 140, 115, 62], [124, 179, 110, 66], [29, 31, 99, 75], [19, 15, 46, 190]]",0.3572486720940855,121640,9037,0.8233266421019182,639,14.142410015649451,0.33353102769586174,0.0029792428285211605,26.920438198517207
0.3,stratified,7,GAT,0.5956858407079646,"[[516, 218, 75, 16], [106, 240, 108, 25], [19, 44, 117, 54], [4, 18, 44, 204]]",0.4318993927613647,121640,9037,0.8233266421019182,639,14.142410015649451,0.33353102769586174,0.0029792428285211605,26.920438198517207
