Threshold,Method,Run,Model,Accuracy,Confusion_Matrix,Cohen_Kappa,Num_Edges,Num_Nodes,Modularity,Num_Communities,Avg_Community_Size,Avg_Clustering,Graph_Density,Avg_Degree
0.95,stratified,4,GraphSAGE,0.5333333333333333,"[[7, 5, 0, 2], [1, 8, 0, 3], [1, 1, 1, 3], [2, 1, 2, 8]]",0.3549488054607509,123,222,0.9869908887557632,99,2.242424242424242,0.0,0.005014063837593249,1.1081081081081081
0.95,stratified,4,GCN,0.5333333333333333,"[[7, 5, 1, 1], [2, 7, 0, 3], [1, 2, 1, 2], [0, 1, 3, 9]]",0.3614864864864864,123,222,0.9869908887557632,99,2.242424242424242,0.0,0.005014063837593249,1.1081081081081081
0.95,stratified,4,GAT,0.5333333333333333,"[[6, 5, 3, 0], [2, 8, 0, 2], [1, 2, 1, 2], [0, 3, 1, 9]]",0.3632075471698113,123,222,0.9869908887557632,99,2.242424242424242,0.0,0.005014063837593249,1.1081081081081081
