Threshold,Method,Run,Model,Accuracy,Confusion_Matrix,Cohen_Kappa,Num_Edges,Num_Nodes,Modularity,Num_Communities,Avg_Community_Size,Avg_Clustering,Graph_Density,Avg_Degree
0.6,stratified,9,GraphSAGE,0.5920502092050209,"[[394, 124, 64, 20], [70, 205, 84, 35], [19, 31, 104, 43], [7, 18, 70, 146]]",0.4370644058606662,35982,7170,0.8235336963915728,555,12.91891891891892,0.1161194811604785,0.0014000306993558389,10.036820083682008
0.6,stratified,9,GCN,0.5467224546722455,"[[351, 149, 74, 28], [59, 202, 94, 39], [25, 42, 91, 39], [10, 42, 49, 140]]",0.3774021216821164,35982,7170,0.8235336963915728,555,12.91891891891892,0.1161194811604785,0.0014000306993558389,10.036820083682008
0.6,stratified,9,GAT,0.6032078103207811,"[[414, 117, 52, 19], [66, 199, 100, 29], [21, 40, 92, 44], [8, 30, 43, 160]]",0.4489022229756793,35982,7170,0.8235336963915728,555,12.91891891891892,0.1161194811604785,0.0014000306993558389,10.036820083682008
