Threshold,Method,Run,Model,Accuracy,Confusion_Matrix,Cohen_Kappa,Num_Edges,Num_Nodes,Modularity,Num_Communities,Avg_Community_Size,Avg_Clustering,Graph_Density,Avg_Degree
0.7,random,4,GraphSAGE,0.567843137254902,"[[319, 117, 42, 30], [62, 182, 61, 52], [23, 44, 74, 46], [9, 20, 45, 149]]",0.40612200905367535,19601,6374,0.8349676579844403,508,12.547244094488189,0.03643339560120419,0.0009650554034166438,6.150298085974271
0.7,random,4,GCN,0.5027450980392156,"[[287, 99, 61, 61], [69, 135, 65, 88], [29, 25, 65, 68], [9, 22, 38, 154]]",0.32615038346115366,19601,6374,0.8349676579844403,508,12.547244094488189,0.03643339560120419,0.0009650554034166438,6.150298085974271
0.7,random,4,GAT,0.5654901960784313,"[[318, 117, 44, 29], [55, 186, 69, 47], [19, 37, 74, 57], [13, 13, 54, 143]]",0.40505319440151133,19601,6374,0.8349676579844403,508,12.547244094488189,0.03643339560120419,0.0009650554034166438,6.150298085974271
