Threshold,Method,Run,Model,Accuracy,Confusion_Matrix,Cohen_Kappa,Num_Edges,Num_Nodes,Modularity,Num_Communities,Avg_Community_Size,Avg_Clustering,Graph_Density,Avg_Degree
0.6,stratified,6,GraphSAGE,0.5850388143966125,"[[383, 111, 62, 38], [70, 208, 73, 39], [18, 46, 81, 50], [12, 27, 42, 157]]",0.4254632965684162,34322,7082,0.8239771613462854,554,12.783393501805055,0.10936666900457176,0.0013688380402811363,9.692742163230726
0.6,stratified,6,GCN,0.5377558221594919,"[[343, 112, 95, 44], [69, 163, 99, 59], [20, 21, 100, 54], [7, 27, 48, 156]]",0.37286862089678907,34322,7082,0.8239771613462854,554,12.783393501805055,0.10936666900457176,0.0013688380402811363,9.692742163230726
0.6,stratified,6,GAT,0.6005645730416372,"[[423, 113, 35, 23], [72, 194, 86, 38], [18, 40, 91, 46], [10, 29, 56, 143]]",0.44258621780102825,34322,7082,0.8239771613462854,554,12.783393501805055,0.10936666900457176,0.0013688380402811363,9.692742163230726
