Threshold,Method,Run,Model,Accuracy,Confusion_Matrix,Cohen_Kappa,Num_Edges,Num_Nodes,Modularity,Num_Communities,Avg_Community_Size,Avg_Clustering,Graph_Density,Avg_Degree
0.8,blackhole,3,GraphSAGE,0.6150943396226415,"[[53, 38, 7, 5], [10, 56, 9, 3], [3, 12, 21, 7], [2, 2, 4, 33]]",0.47068499588767476,6786,1229,0.8423489431905836,254,4.838582677165355,0.6651554246403173,0.008992772387179535,11.043124491456469
0.8,blackhole,3,GCN,0.6113207547169811,"[[58, 33, 9, 3], [10, 48, 17, 3], [2, 12, 29, 0], [1, 3, 10, 27]]",0.46768468679304165,6786,1229,0.8423489431905836,254,4.838582677165355,0.6651554246403173,0.008992772387179535,11.043124491456469
0.8,blackhole,3,GAT,0.6339622641509434,"[[58, 35, 7, 3], [8, 53, 14, 3], [0, 14, 22, 7], [0, 1, 5, 35]]",0.4995229843655692,6786,1229,0.8423489431905836,254,4.838582677165355,0.6651554246403173,0.008992772387179535,11.043124491456469
