Threshold,Method,Run,Model,Accuracy,Confusion_Matrix,Cohen_Kappa,Num_Edges,Num_Nodes,Modularity,Num_Communities,Avg_Community_Size,Avg_Clustering,Graph_Density,Avg_Degree
0.1,stratified,1,GraphSAGE,0.6006305832895428,"[[585, 167, 92, 38], [78, 271, 101, 49], [13, 55, 113, 62], [13, 28, 64, 174]]",0.43805525497288933,180112,9512,0.8262282132516044,691,13.765557163531115,0.4840359825814664,0.003981755797965421,37.87047939444912
0.1,stratified,1,GCN,0.6395165528113504,"[[645, 132, 69, 36], [79, 262, 115, 43], [13, 43, 123, 64], [11, 25, 56, 187]]",0.4882274812847138,180112,9512,0.8262282132516044,691,13.765557163531115,0.4840359825814664,0.003981755797965421,37.87047939444912
0.1,stratified,1,GAT,0.604308985811876,"[[573, 190, 93, 26], [106, 233, 126, 34], [21, 45, 126, 51], [12, 18, 31, 218]]",0.4419402652592618,180112,9512,0.8262282132516044,691,13.765557163531115,0.4840359825814664,0.003981755797965421,37.87047939444912
